patient_id,trial,true_angle_deg,decoded_angle_deg,angle_error_deg,kl_divergence,mean_abs_channel_drift_deg
patient_01,0,270.0,281.6674077215502,11.667407721550205,,0.0
patient_01,1,45.0,42.796033273832066,2.2039667261679483,,0.0
patient_01,2,225.0,221.81107884567288,3.1889211543271188,,0.0
patient_01,3,180.0,172.46458394056128,7.535416059438717,,0.0
patient_01,4,270.0,276.5937785397494,6.593778539749394,,0.0
patient_01,5,0.0,350.9237834815063,9.076216518493766,,0.0
patient_01,6,90.0,103.59523210106087,13.595232101060873,,0.0
patient_01,7,225.0,222.140604695333,2.8593953046670038,,0.0
patient_01,8,180.0,167.0232524333225,12.976747566677489,,0.0
patient_01,9,90.0,100.86902707874545,10.869027078745432,,0.0
patient_01,10,90.0,96.56523070898828,6.565230708988281,,0.0
patient_01,11,135.0,135.07571635706472,0.0757163570647208,,0.0
patient_01,12,90.0,100.81872087641848,10.818720876418467,,0.0
patient_01,13,0.0,346.29833134976843,13.701668650231568,,0.0
patient_01,14,180.0,167.71163302412268,12.288366975877324,,0.0
patient_01,15,135.0,137.98711186093837,2.98711186093837,,0.0
patient_01,16,315.0,317.4529032148686,2.452903214868627,,0.0
patient_01,17,315.0,317.94586954288343,2.945869542883429,,0.0
patient_01,18,45.0,42.199979018953236,2.800020981046771,,0.0
patient_01,19,135.0,134.23516937189243,0.7648306281075747,,0.0
patient_01,20,135.0,134.0020544212779,0.9979455787220957,,0.0
patient_01,21,225.0,225.4189672793568,0.41896727935679223,,0.0
patient_01,22,90.0,99.1699329734869,9.16993297348688,,0.0
patient_01,23,180.0,172.35275002161472,7.647249978385275,,0.0
patient_01,24,225.0,229.4578046471606,4.4578046471606,,0.0
patient_01,25,225.0,227.46502182036593,2.4650218203659335,,0.0
patient_01,26,180.0,166.10306932230927,13.896930677690733,,0.0
patient_01,27,315.0,313.6844793951136,1.3155206048863874,,0.0
patient_01,28,135.0,135.03897949654186,0.03897949654185595,,0.0
patient_01,29,45.0,48.02801471414498,3.028014714144973,,0.0
patient_01,30,90.0,94.56460255878078,4.564602558780791,,0.0
patient_01,31,270.0,280.838565838034,10.838565838034015,,0.0
patient_01,32,180.0,174.1718705988228,5.828129401177193,,0.0
patient_01,33,225.0,231.13458671047508,6.134586710475077,,0.0
patient_01,34,180.0,169.87498078819155,10.12501921180845,,0.0
patient_01,35,90.0,101.48883066798409,11.488830667984075,,0.0
patient_01,36,135.0,130.64515986079346,4.354840139206544,,0.0
patient_01,37,225.0,236.29890816854714,11.298908168547143,,0.0
patient_01,38,315.0,315.30989974591097,0.30989974591096825,,0.0
patient_01,39,45.0,46.874261744116225,1.874261744116211,,0.0
patient_01,40,45.0,53.64447098876545,8.644470988765448,,0.0
patient_01,41,45.0,49.56049622349129,4.560496223491299,,0.0
patient_01,42,270.0,281.06484404799846,11.064844047998463,,0.0
patient_01,43,45.0,43.35102800370805,1.648971996291948,,0.0
patient_01,44,45.0,45.671895174466385,0.6718951744663855,,0.0
patient_01,45,90.0,100.19730132575074,10.197301325750743,,0.0
patient_01,46,0.0,352.41205844225493,7.5879415577451255,,0.0
patient_01,47,45.0,49.3460829779174,4.346082977917405,,0.0
patient_01,48,135.0,136.51401608167603,1.5140160816760329,,0.0
patient_01,49,45.0,42.93246375335216,2.0675362466478475,,0.0
patient_01,50,0.0,352.5134580349571,7.486541965042875,,0.0
patient_01,51,135.0,139.9505873410981,4.9505873410981,,0.0
patient_01,52,180.0,164.9538881981647,15.046111801835309,,0.0
patient_01,53,45.0,44.40107760309573,0.5989223969042712,,0.0
patient_01,54,0.0,353.45277001977627,6.547229980223733,,0.0
patient_01,55,315.0,312.33082485212327,2.6691751478767287,,0.0
patient_01,56,270.0,275.77830003451436,5.778300034514359,,0.0
patient_01,57,90.0,93.60212580450067,3.602125804500673,,0.0
patient_01,58,45.0,44.45317489896325,0.5468251010367453,,0.0
patient_01,59,0.0,344.94971003789965,15.05028996210035,,0.0
patient_01,60,225.0,225.16403545882892,0.1640354588289199,,0.0
patient_01,61,180.0,171.0525159172127,8.947484082787298,,0.0
patient_01,62,180.0,181.16127365905874,1.161273659058736,,0.0
patient_01,63,90.0,99.52520033873012,9.525200338730116,,0.0
patient_01,64,225.0,226.63368384268995,1.6336838426899476,,0.0
patient_01,65,180.0,167.03872972206858,12.961270277931419,,0.0
patient_01,66,270.0,278.3759325730228,8.375932573022794,,0.0
patient_01,67,135.0,135.2749714153403,0.27497141534030334,,0.0
patient_01,68,0.0,346.93324332990323,13.066756670096765,,0.0
patient_01,69,270.0,282.75267151139565,12.752671511395647,,0.0
patient_01,70,270.0,275.7779776584328,5.777977658432803,,0.0
patient_01,71,315.0,312.42857150088213,2.5714284991178715,,0.0
patient_01,72,0.0,351.06984670797675,8.930153292023306,,0.0
patient_01,73,315.0,309.7594291668612,5.240570833138804,,0.0
patient_01,74,90.0,96.33912618278845,6.339126182788448,,0.0
patient_01,75,180.0,169.7858223936518,10.214177606348187,,0.0
patient_01,76,0.0,352.1712175461758,7.82878245382426,,0.0
patient_01,77,0.0,350.5748555105495,9.425144489450531,,0.0
patient_01,78,270.0,278.57786210238817,8.577862102388167,,0.0
patient_01,79,315.0,315.3938249503618,0.3938249503618181,,0.0
patient_01,80,225.0,230.0659828724635,5.065982872463508,,0.0
patient_01,81,90.0,96.34755383997349,6.3475538399735,,0.0
patient_01,82,45.0,49.36909409320491,4.369094093204922,,0.0
patient_01,83,225.0,230.16308231813318,5.163082318133178,,0.0
patient_01,84,45.0,50.66390038384344,5.6639003838434405,,0.0
patient_01,85,225.0,223.72105315980687,1.2789468401931288,,0.0
patient_01,86,90.0,93.2078366108064,3.207836610806396,,0.0
patient_01,87,135.0,130.26946165204524,4.730538347954763,,0.0
patient_01,88,90.0,96.57055262308958,6.570552623089583,,0.0
patient_01,89,90.0,103.47227347710478,13.472273477104778,,0.0
patient_01,90,0.0,345.8934593586437,14.106540641356332,,0.0
patient_01,91,135.0,134.51010095969812,0.4898990403018786,,0.0
patient_01,92,225.0,225.55884574844012,0.5588457484401204,,0.0
patient_01,93,225.0,226.4798658378891,1.4798658378890934,,0.0
patient_01,94,315.0,312.0737034752739,2.9262965247261263,,0.0
patient_01,95,135.0,135.65164335839347,0.6516433583934713,,0.0
patient_01,96,45.0,50.91999597787563,5.9199959778756295,,0.0
patient_01,97,225.0,228.94284721605436,3.9428472160543606,,0.0
patient_01,98,0.0,346.956776490859,13.043223509140944,,0.0
patient_01,99,45.0,44.49758608820764,0.5024139117923596,,0.0
patient_01,100,315.0,311.083917412735,3.9160825872650094,,0.0
patient_01,101,0.0,351.75171428465393,8.248285715346128,,0.0
patient_01,102,90.0,100.66011437611182,10.660114376111835,,0.0
patient_01,103,225.0,222.81113349773523,2.188866502264773,,0.0
patient_01,104,180.0,174.61984631103465,5.3801536889653505,,0.0
patient_01,105,45.0,45.76303987410006,0.763039874100059,,0.0
patient_01,106,180.0,168.3775087707769,11.622491229223101,,0.0
patient_01,107,270.0,279.0277766800349,9.02777668003489,,0.0
patient_01,108,225.0,230.3914579935069,5.39145799350689,,0.0
patient_01,109,0.0,357.24854460061374,2.751455399386259,0.14125726693623974,0.0
patient_01,110,315.0,313.32614878759165,1.6738512124083513,0.14053397047537075,0.0
patient_01,111,90.0,94.73159757465368,4.7315975746536765,0.13662196862695986,0.0
patient_01,112,0.0,345.43392686940877,14.566073130591235,0.14216488772794467,0.0
patient_01,113,0.0,354.7230129699228,5.27698703007718,0.1542539293648444,0.0
patient_01,114,270.0,282.45451249181076,12.45451249181076,0.1671510844819899,0.0
patient_01,115,135.0,134.27445944659925,0.725540553400748,0.16214229050855167,0.0
patient_01,116,180.0,174.5423453200722,5.457654679927799,0.14272765731840487,0.0
patient_01,117,135.0,133.41493923997922,1.585060760020781,0.13109531558607568,0.0
patient_01,118,225.0,221.78987438228094,3.210125617719058,0.1252505983732144,0.0
patient_01,119,135.0,136.52548056616715,1.525480566167147,0.10946286817288708,0.0
patient_01,120,180.0,170.0259167668984,9.974083233101595,0.09644560354251208,0.0
patient_01,121,135.0,133.59156859802633,1.4084314019736723,0.08347689055608676,0.0
patient_01,122,90.0,92.06751623981842,2.067516239818417,0.0781856702213819,0.0
patient_01,123,315.0,312.7340325664995,2.2659674335005207,0.0811798455785615,0.0
patient_01,124,180.0,173.95405632662718,6.045943673372818,0.08686095783737269,0.0
patient_01,125,315.0,318.71703051868064,3.7170305186806445,0.0874179975909728,0.0
patient_01,126,90.0,99.55496096163466,9.554960961634663,0.08115689758077593,0.0
patient_01,127,90.0,98.06471197344031,8.064711973440296,0.08128214372984566,0.0
patient_01,128,0.0,348.3742749728819,11.625725027118051,0.07359359130381815,0.0
patient_01,129,90.0,94.05126626044795,4.05126626044796,0.06891837113299193,0.0
patient_01,130,90.0,106.19871628431103,16.198716284311047,0.06534388295364035,0.0
patient_01,131,225.0,225.20481115056228,0.2048111505622785,0.059836597153000604,0.0
patient_01,132,45.0,53.795892686823464,8.795892686823464,0.05875389437462086,0.0
patient_01,133,225.0,226.47552628704645,1.4755262870464492,0.06125549507957384,0.0
patient_01,134,135.0,137.16551603240165,2.165516032401655,0.07330424461524565,0.0
patient_01,135,0.0,357.3020871375387,2.697912862461294,0.06714120004053559,0.0
patient_01,136,135.0,134.85982341515032,0.14017658484968365,0.07481398302501496,0.0
patient_01,137,315.0,309.1303294820028,5.869670517997179,0.07616134403210051,0.0
patient_01,138,315.0,310.92943556522914,4.0705644347708585,0.08510922276146893,0.0
patient_01,139,0.0,349.34713255828143,10.652867441718627,0.08764923940564362,0.0
patient_01,140,90.0,103.27077213495826,13.270772134958264,0.07997967831473307,0.0
patient_01,141,90.0,104.12784984543077,14.127849845430774,0.07570310652202217,0.0
patient_01,142,315.0,318.5743369321686,3.574336932168592,0.08413587375883846,0.0
patient_01,143,270.0,280.4267925910508,10.426792591050798,0.09293235005481648,0.0
patient_01,144,135.0,133.9702748587382,1.0297251412617925,0.08868642221753031,0.0
patient_01,145,180.0,168.666923539083,11.333076460916999,0.0802319276117629,0.0
patient_01,146,180.0,171.1965457586276,8.803454241372407,0.08037844157473639,0.0
patient_01,147,45.0,43.838933868602616,1.1610661313973765,0.0825630955590988,0.0
patient_01,148,270.0,281.3303113976052,11.330311397605215,0.08359024508138191,0.0
patient_01,149,180.0,164.6012227037124,15.39877729628759,0.0902332725143733,0.0
patient_01,150,135.0,134.04957942043316,0.9504205795668383,0.08056098140126178,0.0
patient_01,151,45.0,46.16645123365351,1.166451233653504,0.07623761381461325,0.0
patient_01,152,45.0,49.181734361887294,4.181734361887294,0.06950128508618647,0.0
patient_01,153,0.0,351.62288103741065,8.377118962589293,0.06596170259970702,0.0
patient_01,154,0.0,352.82931587640564,7.170684123594356,0.07030825386615369,0.0
patient_01,155,90.0,107.18281987476786,17.18281987476786,0.07763209193698462,0.0
patient_01,156,90.0,98.9816874899003,8.98168748990031,0.07485025891609265,0.0
patient_01,157,90.0,98.75550958582599,8.75550958582599,0.07363790490455813,0.0
patient_01,158,270.0,281.5359737894795,11.535973789479499,0.08161688463205152,0.0
patient_01,159,135.0,130.7730655870168,4.226934412983212,0.08486221582845221,0.0
patient_01,160,45.0,45.774236893759266,0.7742368937592801,0.07817687737632273,0.0
patient_01,161,90.0,97.13047132996067,7.13047132996067,0.07881815509234347,0.0
patient_01,162,270.0,276.33700693415676,6.337006934156761,0.07512632595841406,0.0
patient_01,163,315.0,315.74173194188523,0.7417319418852344,0.08094842251795864,0.0
patient_01,164,0.0,351.4534908640113,8.546509135988686,0.08094241023181059,0.0
patient_01,165,270.0,281.53501891884275,11.535018918842752,0.08075397476292068,0.0
patient_01,166,90.0,99.88036378727071,9.88036378727071,0.08997988960488623,0.0
patient_01,167,315.0,315.6356276434702,0.6356276434701726,0.09421458667491578,0.0
patient_01,168,90.0,96.62800213951907,6.628002139519083,0.1139950579081912,0.0
patient_01,169,0.0,350.8302053656509,9.169794634349046,0.11390003706768059,0.0
patient_01,170,45.0,47.93238014815573,2.932380148155744,0.1260053274704589,0.0
patient_01,171,315.0,312.4187025994218,2.581297400578194,0.14277135001035823,0.0
patient_01,172,225.0,223.26242167936428,1.7375783206357198,0.1266861169464395,0.0
patient_01,173,45.0,44.810458766375284,0.1895412336247091,0.11205893474651774,0.0
patient_01,174,225.0,222.6249451388941,2.3750548611058946,0.1280624689924208,0.0
patient_01,175,0.0,359.36669708570815,0.6333029142917894,0.12470486685375626,0.0
patient_01,176,45.0,42.222114469573924,2.77788553042609,0.12252953913871334,0.0
patient_01,177,180.0,178.66205128224783,1.3379487177521696,0.10933354852813437,0.0
patient_01,178,135.0,132.9060673479213,2.0939326520787063,0.1043980793022996,0.0
patient_01,179,225.0,226.7537306505653,1.753730650565302,0.09303845684046497,0.0
patient_01,180,270.0,279.75495994360233,9.75495994360233,0.10481059040017726,0.0
patient_01,181,135.0,127.81110533579722,7.188894664202792,0.1189933133429859,0.0
patient_01,182,270.0,273.2868495689999,3.286849568999912,0.13140836333324302,0.0
patient_01,183,45.0,51.78067085974605,6.780670859746067,0.13355502501980965,0.0
patient_01,184,315.0,315.9858378314582,0.9858378314581842,0.14705161204044082,0.0
patient_01,185,135.0,130.79350122862147,4.206498771378534,0.14040483184781483,0.0
patient_01,186,45.0,41.144783310904415,3.8552166890955846,0.15049595745541744,0.0
patient_01,187,180.0,170.1113587849376,9.888641215062393,0.1229842202217224,0.0
patient_01,188,180.0,171.65167761243833,8.348322387561666,0.1088599853461325,0.0
patient_01,189,180.0,172.66947046366784,7.330529536332165,0.10163105363810754,0.0
patient_01,190,225.0,222.46100084205227,2.5389991579477282,0.10035867691401101,0.0
patient_01,191,225.0,228.3305075649819,3.3305075649819003,0.10210703776585106,0.0
patient_01,192,0.0,352.189142071005,7.810857928995006,0.09638585774733865,0.0
patient_01,193,225.0,221.1337044090804,3.8662955909196057,0.08970124842431204,0.0
patient_01,194,225.0,225.45015194882626,0.4501519488262602,0.09826375984802471,0.0
patient_01,195,0.0,352.57282597353634,7.427174026463717,0.10760469026731023,0.0
patient_01,196,90.0,98.2263771186581,8.226377118658093,0.10911758112934145,0.0
patient_01,197,135.0,131.23827064600562,3.761729353994383,0.0981930388393728,0.0
patient_01,198,225.0,222.18700653577008,2.812993464229919,0.0931442485150491,0.0
patient_01,199,45.0,51.64359866489927,6.643598664899287,0.09642315395340262,0.0
patient_01,200,90.0,102.26442108488013,12.264421084880127,0.10011208349477041,0.0
patient_01,201,0.0,348.989185648279,11.010814351721024,0.10255578821002409,0.0
patient_01,202,225.0,218.46236610493705,6.537633895062953,0.10884408666602585,0.0
patient_01,203,0.0,349.33535109949713,10.664648900502925,0.10915661475337579,0.0
patient_01,204,45.0,48.37610631447284,3.3761063144728496,0.11105252452701198,0.0
patient_01,205,45.0,39.15729478347036,5.842705216529623,0.10787048318750703,0.0
patient_01,206,0.0,351.7779437340647,8.222056265935294,0.11392718155631609,0.0
patient_01,207,270.0,275.2847782419199,5.284778241919923,0.1310461082780403,0.0
patient_01,208,180.0,166.6072971276346,13.39270287236539,0.12796927073590414,0.0
patient_01,209,315.0,306.93459676619216,8.065403233807842,0.1377862401680927,0.0
patient_01,210,45.0,45.551738129033396,0.5517381290333958,0.13500932199909776,0.0
patient_01,211,45.0,40.29608406879988,4.703915931200129,0.13625223853289636,0.0
patient_01,212,225.0,225.6380543524231,0.6380543524230973,0.12627886200198102,0.0
patient_01,213,0.0,353.98200294229355,6.017997057706452,0.12356661083972931,0.0
patient_01,214,315.0,309.7030628096483,5.296937190351684,0.124512168907148,0.0
patient_01,215,45.0,44.16026127019532,0.8397387298046795,0.11850412620722839,0.0
patient_01,216,225.0,224.6982333373621,0.3017666626379025,0.1304021193783047,0.0
patient_01,217,225.0,230.62529030068507,5.625290300685066,0.12775047245171223,0.0
patient_01,218,225.0,226.9906271988702,1.990627198870186,0.14462419225377232,0.0
patient_01,219,45.0,47.579774819820955,2.5797748198209547,0.1438111873177217,0.0
patient_01,220,0.0,350.8238730370736,9.176126962926446,0.14838487344560658,0.0
patient_01,221,90.0,95.12374289533905,5.123742895339035,0.13240382721022392,0.0
patient_01,222,225.0,224.03730287517138,0.9626971248286225,0.13283766574724876,0.0
patient_01,223,0.0,356.65464360119876,3.3453563988011865,0.1464314424156994,0.0
patient_01,224,90.0,95.11478122392212,5.114781223922137,0.1336845323142537,0.0
patient_01,225,0.0,352.2288847921215,7.771115207878438,0.1282941072389887,0.0
patient_01,226,225.0,231.43879983254624,6.438799832546238,0.14030897215928295,0.0
patient_01,227,135.0,136.7121325438677,1.7121325438677104,0.12753963142018154,0.0
patient_01,228,45.0,39.92598970007438,5.074010299925618,0.13464462599296745,0.0
patient_01,229,315.0,310.85520894847014,4.1447910515298645,0.1305721252233507,0.0
patient_01,230,135.0,136.3742946924253,1.374294692425309,0.10761400351074357,0.0
patient_01,231,135.0,137.12870464513665,2.1287046451366507,0.11069024005467298,0.0
patient_01,232,0.0,352.5281668572708,7.471833142729224,0.11455709517388346,0.0
patient_01,233,135.0,132.82347692489273,2.1765230751072693,0.10425386890684774,0.0
patient_01,234,180.0,173.86581237312686,6.134187626873143,0.1022049348613141,0.0
patient_01,235,0.0,352.680282342065,7.319717657934916,0.11969584674301004,0.0
patient_01,236,225.0,232.8276588428986,7.827658842898586,0.12163828323844506,0.0
patient_01,237,90.0,96.86419395162702,6.864193951627016,0.1184136522408803,0.0
patient_01,238,135.0,133.60827113226,1.3917288677399995,0.10775428591477709,0.0
patient_01,239,90.0,95.46973364692745,5.469733646927466,0.09908482459081025,0.0
patient_01,240,315.0,313.12579274962224,1.874207250377765,0.10099549601943725,0.0
patient_01,241,270.0,277.4846626891955,7.484662689195488,0.10651702044380951,0.0
patient_01,242,225.0,228.46468507591192,3.464685075911916,0.10277415584167837,0.0
patient_01,243,315.0,315.7841060505158,0.7841060505157884,0.1075385894071701,0.0
patient_01,244,135.0,136.35730964231877,1.3573096423187678,0.09792449936703118,0.0
patient_01,245,180.0,168.45765805502396,11.542341944976044,0.09401447994552736,0.0
patient_01,246,135.0,132.07939990218313,2.920600097816873,0.09183019465175679,0.0
patient_01,247,180.0,168.7414884859118,11.258511514088212,0.09295691782428062,0.0
patient_01,248,270.0,282.90684019336044,12.906840193360438,0.09699294863907415,0.0
patient_01,249,90.0,96.23258730434387,6.232587304343866,0.09163920745879128,0.0
patient_01,250,225.0,225.42383943660982,0.4238394366098248,0.09524461353450508,0.0
patient_01,251,0.0,355.9106333710629,4.089366628937114,0.09406682618854667,0.0
patient_01,252,315.0,313.3883119401556,1.6116880598444254,0.09783058175081916,0.0
patient_01,253,0.0,359.4169716824156,0.5830283175844215,0.0968703125104069,0.0
patient_01,254,270.0,279.76154412401115,9.761544124011152,0.10480822198352513,0.0
patient_01,255,270.0,274.6885700184921,4.688570018492101,0.12038319395794339,0.0
patient_01,256,135.0,130.77998850366197,4.2200114963380315,0.11129709060933646,0.0
patient_01,257,315.0,312.2313742338962,2.76862576610381,0.11556222095551405,0.0
patient_01,258,45.0,46.80572803254981,1.8057280325498084,0.11387103043477076,0.0
patient_01,259,90.0,99.24198394524522,9.241983945245238,0.09442274413719343,0.0
patient_01,260,180.0,166.95717881875888,13.042821181241123,0.09750123945997213,0.0
patient_01,261,180.0,167.35000837224317,12.649991627756833,0.11128353220780252,0.0
patient_01,262,45.0,47.697374047894954,2.6973740478949537,0.10186767778862826,0.0
patient_01,263,135.0,133.87595289124394,1.1240471087560593,0.10580643688976998,0.0
patient_01,264,225.0,223.0418861360466,1.9581138639534004,0.09630292290364117,0.0
patient_01,265,315.0,317.74796655406334,2.747966554063339,0.10901074031863978,0.0
patient_01,266,180.0,170.119200953642,9.880799046357993,0.11250469091601722,0.0
patient_01,267,270.0,281.6807317704325,11.680731770432487,0.11398564435894087,0.0
patient_01,268,45.0,40.17113133386254,4.828868666137453,0.10533282862553062,0.0
patient_01,269,45.0,50.335948633484826,5.335948633484833,0.10146896043785691,0.0
patient_01,270,180.0,167.75243085954435,12.247569140455653,0.1009402807721207,0.0
patient_01,271,225.0,228.29999491286472,3.299994912864719,0.10828559080157696,0.0
patient_01,272,0.0,346.823202364729,13.176797635270987,0.1057559440279876,0.0
patient_01,273,45.0,50.57039177156337,5.570391771563379,0.09526954732967319,0.0
patient_01,274,135.0,132.580068279431,2.4199317205689965,0.10005524643778507,0.0
patient_01,275,45.0,52.40497846128681,7.404978461286817,0.08716996940268285,0.0
patient_01,276,225.0,230.00602766538893,5.0060276653889275,0.08749641018369214,0.0
patient_01,277,270.0,278.42402654339105,8.42402654339105,0.08695642737877218,0.0
patient_01,278,315.0,308.0968987026077,6.903101297392311,0.10310741015921554,0.0
patient_01,279,45.0,47.46538245799511,2.465382457995105,0.08996317442200308,0.0
patient_01,280,315.0,315.47335935333336,0.47335935333336465,0.09991693531775869,0.0
patient_01,281,135.0,135.00896430085228,0.008964300852284168,0.10199232636553734,0.0
patient_01,282,315.0,312.64229565294806,2.3577043470519357,0.1113682224006407,0.0
patient_01,283,225.0,220.2578649281484,4.742135071851607,0.11228966030040777,0.0
patient_01,284,225.0,225.98065136945772,0.9806513694577177,0.1188276261856469,0.0
patient_01,285,45.0,53.74152897825664,8.741528978256639,0.10867539435570173,0.0
patient_01,286,270.0,281.09976369121887,11.099763691218868,0.11105349853607205,0.0
patient_01,287,0.0,351.89314663296267,8.106853367037274,0.11028191890490646,0.0
patient_01,288,45.0,43.06690454042178,1.933095459578226,0.1075220345692598,0.0
patient_01,289,315.0,317.058303430752,2.058303430752005,0.1301662932544838,0.0
patient_01,290,225.0,217.23685317009105,7.763146829908948,0.12239075873539207,0.0
patient_01,291,135.0,137.49353923064294,2.493539230642938,0.11073528747183659,0.0
patient_01,292,180.0,163.54076114849653,16.45923885150347,0.10351031392588261,0.0
patient_01,293,315.0,314.60274184955,0.3972581504499999,0.10803380342119695,0.0
patient_01,294,315.0,317.4906086348408,2.4906086348407825,0.12395589595680345,0.0
patient_01,295,270.0,279.97230822385427,9.97230822385427,0.13253262407225463,0.0
patient_01,296,0.0,350.4881494398551,9.511850560144921,0.14577814937973343,0.0
patient_01,297,180.0,167.81212890626477,12.187871093735225,0.14503721386865287,0.0
patient_01,298,315.0,317.31536852178397,2.3153685217839666,0.14039034869192246,0.0
patient_01,299,180.0,168.38949515695958,11.610504843040417,0.15612559605261733,0.0
patient_02,0,225.0,230.85775842919418,5.8577584291941776,,0.0
patient_02,1,0.0,7.592270952469927,7.5922709524699314,,0.0
patient_02,2,225.0,232.22088317686126,7.220883176861264,,0.0
patient_02,3,90.0,95.0654081653973,5.065408165397287,,0.0
patient_02,4,135.0,131.6312651965266,3.3687348034733873,,0.0
patient_02,5,135.0,127.60649863185209,7.393501368147895,,0.0
patient_02,6,135.0,121.33098028079401,13.669019719206005,,0.0
patient_02,7,180.0,173.8127891346754,6.187210865324602,,0.0
patient_02,8,90.0,91.58080075452081,1.5808007545207943,,0.0
patient_02,9,135.0,131.15588436668463,3.8441156333153685,,0.0
patient_02,10,180.0,174.25435869043835,5.745641309561648,,0.0
patient_02,11,135.0,124.56446601332524,10.435533986674756,,0.0
patient_02,12,180.0,175.8664646425846,4.133535357415411,,0.0
patient_02,13,135.0,131.5054170758365,3.4945829241634954,,0.0
patient_02,14,315.0,311.81464976953134,3.185350230468657,,0.0
patient_02,15,45.0,50.160775803120245,5.160775803120259,,0.0
patient_02,16,45.0,48.3022946229072,3.3022946229071977,,0.0
patient_02,17,270.0,273.7019802724643,3.7019802724643114,,0.0
patient_02,18,0.0,356.5243704800374,3.475629519962581,,0.0
patient_02,19,270.0,271.1802868913204,1.1802868913204065,,0.0
patient_02,20,270.0,267.5900980360325,2.4099019639675134,,0.0
patient_02,21,90.0,92.61335569536644,2.6133556953664367,,0.0
patient_02,22,90.0,93.32795765722585,3.327957657225852,,0.0
patient_02,23,315.0,313.9022193859741,1.0977806140259077,,0.0
patient_02,24,270.0,274.0976115960697,4.097611596069726,,0.0
patient_02,25,315.0,308.90426178320007,6.09573821679993,,0.0
patient_02,26,315.0,308.64439276245844,6.355607237541562,,0.0
patient_02,27,90.0,89.0064460114257,0.9935539885743196,,0.0
patient_02,28,225.0,227.21483671506343,2.214836715063427,,0.0
patient_02,29,135.0,130.21870211731007,4.781297882689927,,0.0
patient_02,30,90.0,102.16525706348794,12.165257063487957,,0.0
patient_02,31,90.0,93.7741895824253,3.7741895824252936,,0.0
patient_02,32,315.0,304.950203652919,10.049796347080985,,0.0
patient_02,33,135.0,129.48346030269298,5.516539697307024,,0.0
patient_02,34,315.0,303.3667150337701,11.633284966229894,,0.0
patient_02,35,90.0,96.85729544014943,6.857295440149414,,0.0
patient_02,36,135.0,135.28037272082153,0.2803727208215321,,0.0
patient_02,37,225.0,224.2108073279275,0.7891926720724882,,0.0
patient_02,38,135.0,128.87908119467787,6.120918805322134,,0.0
patient_02,39,180.0,170.2218370751905,9.778162924809493,,0.0
patient_02,40,315.0,310.8789964560506,4.121003543949428,,0.0
patient_02,41,180.0,178.5511751749506,1.4488248250493996,,0.0
patient_02,42,315.0,305.29566075313176,9.704339246868244,,0.0
patient_02,43,45.0,51.839087596315856,6.8390875963158635,,0.0
patient_02,44,90.0,93.68064530262984,3.6806453026298414,,0.0
patient_02,45,315.0,310.8878318219827,4.112168178017328,,0.0
patient_02,46,270.0,277.65744194446984,7.657441944469838,,0.0
patient_02,47,270.0,274.0246720381048,4.024672038104825,,0.0
patient_02,48,0.0,352.11821334718786,7.8817866528121385,,0.0
patient_02,49,90.0,90.6672622501995,0.6672622501994852,,0.0
patient_02,50,0.0,359.1634753437268,0.8365246562732409,,0.0
patient_02,51,225.0,227.78192903857592,2.7819290385759246,,0.0
patient_02,52,270.0,274.3018332230855,4.301833223085509,,0.0
patient_02,53,180.0,176.4129069230465,3.5870930769534937,,0.0
patient_02,54,225.0,228.43778309996097,3.437783099960967,,0.0
patient_02,55,225.0,232.91019677428235,7.910196774282355,,0.0
patient_02,56,225.0,234.22005172821935,9.220051728219346,,0.0
patient_02,57,270.0,267.02002185708784,2.9799781429121595,,0.0
patient_02,58,180.0,177.95928066226216,2.0407193377378405,,0.0
patient_02,59,45.0,52.20332514982867,7.203325149828686,,0.0
patient_02,60,270.0,278.81239279969213,8.812392799692134,,0.0
patient_02,61,180.0,187.10995134438343,7.109951344383433,,0.0
patient_02,62,315.0,310.2519912938442,4.748008706155815,,0.0
patient_02,63,45.0,49.52841899072952,4.528418990729506,,0.0
patient_02,64,315.0,309.7322332352366,5.267766764763394,,0.0
patient_02,65,315.0,309.1523749857592,5.847625014240805,,0.0
patient_02,66,45.0,52.67571352371732,7.67571352371732,,0.0
patient_02,67,270.0,272.5475728438865,2.547572843886485,,0.0
patient_02,68,135.0,129.0423192545348,5.957680745465211,,0.0
patient_02,69,225.0,230.4001235948821,5.400123594882103,,0.0
patient_02,70,315.0,312.48408859740516,2.5159114025948384,,0.0
patient_02,71,180.0,176.9516949288731,3.04830507112689,,0.0
patient_02,72,45.0,49.952931679381344,4.952931679381351,,0.0
patient_02,73,315.0,307.80565852306495,7.194341476935051,,0.0
patient_02,74,0.0,356.07810311655317,3.921896883446834,,0.0
patient_02,75,135.0,123.89998731561751,11.100012684382477,,0.0
patient_02,76,0.0,2.3890549119507565,2.389054911950751,,0.0
patient_02,77,0.0,0.0368140837673877,0.036814083767382044,,0.0
patient_02,78,270.0,277.680551234608,7.680551234608004,,0.0
patient_02,79,225.0,226.9017397674496,1.9017397674496124,,0.0
patient_02,80,135.0,132.97916955744427,2.0208304425557344,,0.0
patient_02,81,45.0,50.45844141385765,5.458441413857656,,0.0
patient_02,82,0.0,357.9735624006792,2.026437599320843,,0.0
patient_02,83,90.0,88.40533114056169,1.5946688594383147,,0.0
patient_02,84,135.0,132.75551955011224,2.24448044988776,,0.0
patient_02,85,225.0,229.41008099108387,4.410080991083873,,0.0
patient_02,86,135.0,125.91240318258207,9.087596817417932,,0.0
patient_02,87,270.0,272.04965786809885,2.0496578680988478,,0.0
patient_02,88,45.0,46.739257037939794,1.739257037939808,,0.0
patient_02,89,180.0,173.09850594650956,6.901494053490438,,0.0
patient_02,90,135.0,131.58167770283436,3.418322297165645,,0.0
patient_02,91,315.0,308.5355238284255,6.464476171574518,,0.0
patient_02,92,180.0,177.03142098417757,2.968579015822428,,0.0
patient_02,93,180.0,178.68576013922942,1.3142398607705843,,0.0
patient_02,94,90.0,90.24136113516636,0.2413611351663576,,0.0
patient_02,95,135.0,131.41342576785647,3.5865742321435334,,0.0
patient_02,96,225.0,232.11663404590655,7.116634045906551,,0.0
patient_02,97,225.0,236.3819697444893,11.38196974448931,,0.0
patient_02,98,180.0,180.84301542713922,0.8430154271392212,,0.0
patient_02,99,270.0,269.38849871112086,0.6115012888791398,,0.0
patient_02,100,135.0,128.64376937875937,6.356230621240627,,0.0
patient_02,101,135.0,129.4526407804844,5.547359219515613,,0.0
patient_02,102,180.0,177.90133033465887,2.0986696653411343,,0.0
patient_02,103,225.0,226.79917879551044,1.7991787955104428,,0.0
patient_02,104,270.0,274.2762344823022,4.276234482302186,,0.0
patient_02,105,270.0,272.7136637200428,2.7136637200428027,,0.0
patient_02,106,0.0,354.3192881473618,5.680711852638183,,0.0
patient_02,107,45.0,48.60559082815351,3.6055908281535096,,0.0
patient_02,108,90.0,89.8495066651886,0.15049333481141502,,0.0
patient_02,109,315.0,310.6385356948109,4.361464305189088,0.11373592132547028,0.0
patient_02,110,135.0,137.69948670479408,2.699486704794083,0.11298252717923862,0.0
patient_02,111,0.0,358.5673179959595,1.4326820040405437,0.12630074412969705,0.0
patient_02,112,315.0,310.5953839978152,4.4046160021848095,0.117362626029613,0.0
patient_02,113,225.0,231.7474049771222,6.747404977122187,0.10642254900232295,0.0
patient_02,114,225.0,231.52978896042637,6.529788960426373,0.10300882550415125,0.0
patient_02,115,315.0,309.670473503472,5.32952649652799,0.10033176101235952,0.0
patient_02,116,90.0,91.35773302518659,1.357733025186576,0.09573311088823377,0.0
patient_02,117,0.0,1.7300496289598137,1.7300496289598186,0.10034107649896296,0.0
patient_02,118,270.0,271.1906306693583,1.1906306693583133,0.09796737686300805,0.0
patient_02,119,180.0,180.8129002397806,0.8129002397805891,0.10073405940664504,0.0
patient_02,120,270.0,270.1863406183985,0.18634061839850347,0.09877321664528527,0.0
patient_02,121,45.0,50.120907684149095,5.120907684149103,0.09669180682038103,0.0
patient_02,122,0.0,353.72192042049,6.278079579509949,0.10386474880254948,0.0
patient_02,123,135.0,132.9410515212355,2.0589484787645063,0.10053775419560385,0.0
patient_02,124,270.0,273.37113729600065,3.3711372960006543,0.09752964306669032,0.0
patient_02,125,315.0,310.46086493465356,4.539135065346443,0.10864111266351628,0.0
patient_02,126,45.0,47.32495832890451,2.3249583289045006,0.10430357665459322,0.0
patient_02,127,315.0,310.2837649691375,4.716235030862492,0.1017062712735104,0.0
patient_02,128,135.0,129.2345689571912,5.765431042808814,0.09782619295423256,0.0
patient_02,129,270.0,270.06006182070723,0.06006182070723298,0.08885904541301226,0.0
patient_02,130,225.0,233.1537140417771,8.153714041777107,0.08553733819124343,0.0
patient_02,131,90.0,92.77989654396765,2.779896543967652,0.07613294610737587,0.0
patient_02,132,135.0,133.90534808258468,1.0946519174153195,0.061617028029933074,0.0
patient_02,133,270.0,270.5480333812087,0.548033381208711,0.06784943190188741,0.0
patient_02,134,270.0,271.44266761124186,1.442667611241859,0.07789739798608952,0.0
patient_02,135,90.0,92.16558846186183,2.16558846186183,0.07281079044855066,0.0
patient_02,136,90.0,92.64053066561551,2.640530665615529,0.07850926025052907,0.0
patient_02,137,45.0,54.53009268594296,9.530092685942975,0.07354246587321533,0.0
patient_02,138,90.0,91.83901260940438,1.8390126094043922,0.06858697930386093,0.0
patient_02,139,315.0,301.64471789569717,13.35528210430283,0.07297253578052842,0.0
patient_02,140,135.0,128.0467205028603,6.953279497139704,0.0713546616463816,0.0
patient_02,141,90.0,93.35359281200361,3.353592812003626,0.0649648903051574,0.0
patient_02,142,45.0,51.24338663937216,6.243386639372147,0.06964254721655205,0.0
patient_02,143,180.0,173.54519683064024,6.454803169359764,0.07444661787008044,0.0
patient_02,144,270.0,262.1287557324193,7.871244267580721,0.07721920241070279,0.0
patient_02,145,225.0,232.52589154785738,7.525891547857384,0.08544170079226632,0.0
patient_02,146,180.0,178.09764489944547,1.90235510055453,0.08330809646857595,0.0
patient_02,147,225.0,229.27992669024272,4.279926690242718,0.0776567546835123,0.0
patient_02,148,90.0,87.11146715960096,2.888532840399023,0.08283509884781903,0.0
patient_02,149,315.0,310.8152320971776,4.1847679028223865,0.0839694795009418,0.0
patient_02,150,135.0,133.0833105222485,1.916689477751504,0.08775855487636708,0.0
patient_02,151,0.0,348.5608948508199,11.439105149180023,0.09391254427909779,0.0
patient_02,152,45.0,50.72814446049268,5.728144460492672,0.1058549887096083,0.0
patient_02,153,45.0,58.66870938063094,13.668709380630958,0.11135937809013985,0.0
patient_02,154,270.0,273.43042459113923,3.4304245911392286,0.11306034497762862,0.0
patient_02,155,90.0,94.03890387190864,4.038903871908644,0.11408737473476815,0.0
patient_02,156,225.0,231.52050541259163,6.520505412591632,0.10878202955967353,0.0
patient_02,157,315.0,307.24992735173225,7.7500726482677464,0.10300011436254675,0.0
patient_02,158,135.0,126.24822632500047,8.751773674999527,0.08835483029632307,0.0
patient_02,159,225.0,225.0793334214298,0.07933342142979427,0.07870905297433328,0.0
patient_02,160,90.0,92.88394515589168,2.883945155891695,0.08876729076566203,0.0
patient_02,161,225.0,228.04053766779666,3.040537667796656,0.07912331930725625,0.0
patient_02,162,90.0,87.27705223946262,2.72294776053738,0.0855539460871384,0.0
patient_02,163,225.0,231.51354632578904,6.5135463257890365,0.08885543114270789,0.0
patient_02,164,0.0,348.4232870269644,11.576712973035683,0.09037511785740993,0.0
patient_02,165,270.0,275.57368395291735,5.573683952917349,0.09514821314042354,0.0
patient_02,166,0.0,355.5156296258417,4.4843703741582885,0.10446756784516342,0.0
patient_02,167,90.0,90.82684219691723,0.8268421969172266,0.10664808749053023,0.0
patient_02,168,90.0,93.50535024535358,3.5053502453535827,0.10808627673834081,0.0
patient_02,169,90.0,93.01650793365228,3.016507933652292,0.12207975916030467,0.0
patient_02,170,0.0,347.1534806312219,12.846519368778104,0.12968405696644325,0.0
patient_02,171,135.0,134.61148878061675,0.38851121938324695,0.12204377856563386,0.0
patient_02,172,90.0,96.15364043557105,6.153640435571049,0.12306370482438744,0.0
patient_02,173,45.0,54.240539810413246,9.240539810413253,0.1401283910919835,0.0
patient_02,174,180.0,173.82195614869596,6.178043851304039,0.1338143343073579,0.0
patient_02,175,90.0,99.1945951544028,9.194595154402805,0.13957635589838624,0.0
patient_02,176,90.0,93.17859052066973,3.1785905206697294,0.1368349795541306,0.0
patient_02,177,315.0,314.1740712398771,0.8259287601229062,0.13276754088070142,0.0
patient_02,178,45.0,46.83503586570433,1.8350358657043273,0.14030773961993148,0.0
patient_02,179,45.0,48.88414561950451,3.8841456195045225,0.15527219563868488,0.0
patient_02,180,0.0,357.23204522215025,2.767954777849809,0.1629277869509842,0.0
patient_02,181,180.0,179.14904856464358,0.8509514353564214,0.1504565100815647,0.0
patient_02,182,45.0,62.066329877068824,17.066329877068824,0.16850837053164547,0.0
patient_02,183,90.0,93.51550970258346,3.515509702583472,0.18516145745561463,0.0
patient_02,184,135.0,129.21439799488275,5.785602005117255,0.19912604945860135,0.0
patient_02,185,0.0,359.88140899865846,0.11859100134154232,0.199357831444809,0.0
patient_02,186,45.0,54.56602792954893,9.566027929548937,0.20368688456809458,0.0
patient_02,187,270.0,267.1695022711393,2.830497728860678,0.17582566005342404,0.0
patient_02,188,180.0,176.16723955121574,3.8327604487842564,0.16066629007638245,0.0
patient_02,189,315.0,312.5896671123373,2.410332887662719,0.16167667052835188,0.0
patient_02,190,0.0,348.9156289337336,11.084371066266385,0.17110093395923442,0.0
patient_02,191,270.0,275.3260380929056,5.3260380929056055,0.1546466317221853,0.0
patient_02,192,45.0,44.16139984521789,0.8386001547821138,0.1548393569799984,0.0
patient_02,193,90.0,90.80794899940031,0.8079489994003097,0.1647017087949969,0.0
patient_02,194,315.0,304.55743494265334,10.442565057346656,0.17164997408737825,0.0
patient_02,195,270.0,271.9500177603194,1.9500177603193833,0.17071064119072688,0.0
patient_02,196,90.0,94.17378918657356,4.173789186573572,0.19055345439447446,0.0
patient_02,197,0.0,356.0777854082855,3.9222145917144644,0.22571275752574316,0.0
patient_02,198,0.0,355.59808075923263,4.40191924076737,0.23256116459346377,0.0
patient_02,199,180.0,169.01321048384546,10.986789516154545,0.22027798031634216,0.0
patient_02,200,135.0,133.0032384285212,1.9967615714787996,0.22057037472422092,0.0
patient_02,201,0.0,356.7357925025797,3.2642074974203297,0.22280939673917288,0.0
patient_02,202,45.0,56.41506601809405,11.415066018094052,0.22613172334014564,0.0
patient_02,203,90.0,95.71632215642167,5.716322156421654,0.21420396682541654,0.0
patient_02,204,225.0,228.25381212387617,3.2538121238761732,0.2159036888846675,0.0
patient_02,205,90.0,89.32377623272724,0.6762237672727451,0.2131001030219677,0.0
patient_02,206,270.0,276.7270791400702,6.727079140070202,0.21132722582979113,0.0
patient_02,207,315.0,305.41536665127006,9.584633348729938,0.21044647397046123,0.0
patient_02,208,45.0,57.04054190813083,12.04054190813082,0.23718460893014282,0.0
patient_02,209,315.0,309.5264827769859,5.473517223014085,0.25780188365221957,0.0
patient_02,210,90.0,90.29357158974402,0.2935715897440332,0.2609376976894753,0.0
patient_02,211,225.0,224.62487371542315,0.3751262845768508,0.25746570467485785,0.0
patient_02,212,225.0,223.32967932136307,1.6703206786369265,0.23106290685271702,0.0
patient_02,213,45.0,54.274742700919184,9.274742700919177,0.2645460688069612,0.0
patient_02,214,180.0,176.54217221263676,3.457827787363243,0.24195636139468402,0.0
patient_02,215,45.0,54.346036220300746,9.346036220300732,0.27192004171379125,0.0
patient_02,216,135.0,130.77947664987323,4.2205233501267685,0.24972107067808924,0.0
patient_02,217,90.0,89.41036696054586,0.5896330394541565,0.24945698869440225,0.0
patient_02,218,135.0,136.55890936115182,1.5589093611518194,0.24036836542672724,0.0
patient_02,219,315.0,309.72643130109964,5.2735686989003625,0.24013487827456093,0.0
patient_02,220,315.0,316.00071583826923,1.0007158382692296,0.22325640258816293,0.0
patient_02,221,270.0,269.71503340042165,0.2849665995783539,0.21603659509570328,0.0
patient_02,222,225.0,233.30923777139873,8.309237771398728,0.1958279391812745,0.0
patient_02,223,0.0,4.417207958990761,4.417207958990758,0.19392324107414183,0.0
patient_02,224,45.0,50.47896856321672,5.478968563216711,0.22267929690125499,0.0
patient_02,225,135.0,127.77649290316212,7.223507096837864,0.21274237142731423,0.0
patient_02,226,180.0,172.6532369929083,7.34676300709171,0.19580667561880105,0.0
patient_02,227,270.0,259.5212897545737,10.478710245426328,0.17856169436844027,0.0
patient_02,228,0.0,358.7350204919086,1.2649795080914146,0.1810350935293119,0.0
patient_02,229,90.0,92.36377502220382,2.3637750222038107,0.17015928039732575,0.0
patient_02,230,180.0,174.91699928593053,5.08300071406947,0.15090728847036505,0.0
patient_02,231,0.0,352.6386260938434,7.361373906156587,0.17083765300699572,0.0
patient_02,232,180.0,178.72362802483934,1.2763719751606573,0.1509792833068726,0.0
patient_02,233,0.0,355.69296017840844,4.307039821591616,0.1602794322117056,0.0
patient_02,234,270.0,271.7698809257905,1.7698809257905168,0.16216434337880958,0.0
patient_02,235,90.0,88.40306805206356,1.59693194793644,0.15012198535457877,0.0
patient_02,236,90.0,96.81424653813728,6.814246538137297,0.1378490476774923,0.0
patient_02,237,0.0,358.145923945918,1.854076054082043,0.1530293221930945,0.0
patient_02,238,225.0,227.1072170603183,2.1072170603183054,0.1531016919053796,0.0
patient_02,239,45.0,53.7690181299551,8.7690181299551,0.1598239058503248,0.0
patient_02,240,315.0,309.22604177982123,5.77395822017877,0.15209762129695115,0.0
patient_02,241,270.0,268.73106021959285,1.2689397804071518,0.15270754460429092,0.0
patient_02,242,45.0,58.592079806239894,13.592079806239894,0.1512687874109826,0.0
patient_02,243,315.0,308.75388306576895,6.246116934231054,0.1541643312935772,0.0
patient_02,244,135.0,132.2505562356131,2.7494437643869105,0.1403144545086663,0.0
patient_02,245,0.0,351.1260376701689,8.873962329831102,0.1610891550804494,0.0
patient_02,246,90.0,89.76647234629918,0.23352765370083262,0.16328830528685057,0.0
patient_02,247,45.0,43.44032435187227,1.5596756481277225,0.15447887308514296,0.0
patient_02,248,0.0,354.53555445684685,5.464445543153147,0.14969968511893228,0.0
patient_02,249,135.0,129.37695153255166,5.623048467448342,0.15208453118821375,0.0
patient_02,250,90.0,91.95258203805395,1.9525820380539471,0.16414321403537624,0.0
patient_02,251,225.0,230.39241735317012,5.392417353170117,0.13997037207817442,0.0
patient_02,252,315.0,304.8429512246358,10.157048775364217,0.12488993586464137,0.0
patient_02,253,225.0,226.93161505158128,1.931615051581275,0.11577541643435652,0.0
patient_02,254,90.0,89.84918413081863,0.1508158691813719,0.128828918017164,0.0
patient_02,255,180.0,178.64430275009238,1.355697249907621,0.12205241907844755,0.0
patient_02,256,180.0,173.79203643927454,6.20796356072546,0.1188425684212735,0.0
patient_02,257,45.0,52.459419296148695,7.459419296148695,0.13439089744452026,0.0
patient_02,258,45.0,53.63047454014193,8.630474540141932,0.131691244211253,0.0
patient_02,259,0.0,359.127273452349,0.8727265476509274,0.1437706440947366,0.0
patient_02,260,45.0,48.714301628277404,3.7143016282774113,0.15174425760002208,0.0
patient_02,261,135.0,137.84472650651853,2.8447265065185263,0.15583174064678396,0.0
patient_02,262,315.0,306.9200936695499,8.079906330450115,0.15789710180682714,0.0
patient_02,263,225.0,221.78664873991724,3.21335126008276,0.13340538303741667,0.0
patient_02,264,0.0,353.9471905310403,6.052809468959708,0.1495655080896059,0.0
patient_02,265,45.0,43.708467047922284,1.2915329520777163,0.15614529104195896,0.0
patient_02,266,315.0,314.1324803590415,0.8675196409585055,0.1650427318363441,0.0
patient_02,267,45.0,48.39869621303889,3.3986962130388747,0.17981005321418486,0.0
patient_02,268,90.0,98.91295652199962,8.912956521999604,0.18569497659225398,0.0
patient_02,269,315.0,308.4385464508858,6.561453549114219,0.1857230197696227,0.0
patient_02,270,135.0,136.26125091668507,1.2612509166850714,0.17535789246535405,0.0
patient_02,271,180.0,179.00816340842022,0.9918365915797835,0.18203758118924096,0.0
patient_02,272,0.0,2.963675431045534,2.9636754310455444,0.20995408004082972,0.0
patient_02,273,45.0,50.84990252986805,5.8499025298680465,0.20371187323598505,0.0
patient_02,274,315.0,311.520154575188,3.4798454248120265,0.18768765013300737,0.0
patient_02,275,0.0,1.7087419477482737,1.7087419477482797,0.22012223470862047,0.0
patient_02,276,225.0,220.98464503144274,4.015354968557261,0.21962265389897162,0.0
patient_02,277,180.0,185.07844746710626,5.078447467106258,0.22515903875111043,0.0
patient_02,278,315.0,302.69091550534887,12.309084494651131,0.208507550852282,0.0
patient_02,279,180.0,168.58706142009552,11.412938579904477,0.20404599165375092,0.0
patient_02,280,45.0,51.92163420687316,6.921634206873165,0.22637098111956266,0.0
patient_02,281,225.0,229.33031781681296,4.330317816812965,0.20285198652308267,0.0
patient_02,282,135.0,120.77733375656778,14.22266624343223,0.19473175864032388,0.0
patient_02,283,90.0,90.82747479656474,0.8274747965647293,0.18115344273842382,0.0
patient_02,284,90.0,93.96001108696494,3.9600110869649257,0.19218341377423176,0.0
patient_02,285,315.0,312.79979520342476,2.2002047965752354,0.18327036649234074,0.0
patient_02,286,270.0,269.45614243028837,0.5438575697116335,0.17978444727864762,0.0
patient_02,287,270.0,275.24170440997216,5.241704409972158,0.15895394070543212,0.0
patient_02,288,180.0,183.19428542029496,3.1942854202949604,0.16017857761170085,0.0
patient_02,289,315.0,308.43820156068006,6.5617984393199436,0.14748960597293959,0.0
patient_02,290,225.0,230.23452600920754,5.234526009207542,0.13918564092266195,0.0
patient_02,291,45.0,51.23898133905537,6.238981339055385,0.16529097621331612,0.0
patient_02,292,0.0,350.6641920609963,9.335807939003644,0.17612697320471682,0.0
patient_02,293,90.0,91.36241295790255,1.3624129579025634,0.17377380668377196,0.0
patient_02,294,90.0,96.10828910989322,6.108289109893235,0.18011175323387096,0.0
patient_02,295,0.0,354.4698409649136,5.530159035086399,0.1814031111275849,0.0
patient_02,296,315.0,309.03486054952833,5.965139450471668,0.17913507286996655,0.0
patient_02,297,0.0,345.0672718071413,14.93272819285869,0.17717180252266385,0.0
patient_02,298,0.0,1.2394154719545223,1.2394154719545156,0.1815230741909577,0.0
patient_02,299,270.0,269.7894661605329,0.21053383946707527,0.18675656181728417,0.0
patient_03,0,0.0,356.70154274534525,3.2984572546547497,,0.03017444885149742
patient_03,1,90.0,99.55020483929131,9.550204839291325,,0.03840201927873944
patient_03,2,180.0,180.9342784748852,0.9342784748851898,,0.05281104383153176
patient_03,3,315.0,321.5456565285885,6.545656528588495,,0.05902324073858542
patient_03,4,45.0,40.832162389355524,4.167837610644483,,0.06200525068993054
patient_03,5,45.0,45.216054046999865,0.21605404699985797,,0.09335453642099949
patient_03,6,0.0,359.3335688300575,0.6664311699424843,,0.09977813542949321
patient_03,7,45.0,44.828270009619885,0.17172999038012904,,0.08868028223462189
patient_03,8,270.0,270.8303620428541,0.8303620428541194,,0.12304692479480087
patient_03,9,315.0,324.69074310505783,9.690743105057834,,0.12222619507154027
patient_03,10,45.0,46.37329329233015,1.3732932923301462,,0.13393718779726993
patient_03,11,45.0,38.271083868745585,6.728916131254408,,0.14205875648218658
patient_03,12,180.0,177.13082767166546,2.8691723283345425,,0.14276259376543493
patient_03,13,135.0,138.90919905486922,3.9091990548692195,,0.15611525900004344
patient_03,14,90.0,91.75606166710139,1.7560616671013918,,0.15276336977102545
patient_03,15,0.0,0.2747854561250883,0.27478545612510175,,0.16838033882932626
patient_03,16,315.0,324.4052324463503,9.405232446350283,,0.14392624501828288
patient_03,17,45.0,38.543440785485544,6.456559214514471,,0.15295657985621033
patient_03,18,135.0,139.06675208919634,4.066752089196342,,0.1798925790868407
patient_03,19,0.0,356.0175696538995,3.9824303461005,,0.19203348717616536
patient_03,20,135.0,139.8693271187462,4.869327118746213,,0.20081978753537882
patient_03,21,90.0,93.8911542708742,3.8911542708742104,,0.19232731950629922
patient_03,22,135.0,132.60960047455552,2.3903995254444794,,0.16571126709314188
patient_03,23,270.0,276.99339627802334,6.99339627802334,,0.14321132963120506
patient_03,24,0.0,356.4611700091635,3.5388299908365752,,0.13956667320725724
patient_03,25,90.0,95.50170178180139,5.501701781801387,,0.14460449422939067
patient_03,26,135.0,136.3760632302003,1.3760632302002875,,0.17138174500158898
patient_03,27,270.0,266.4051132612311,3.594886738768878,,0.1868875584772296
patient_03,28,135.0,133.7661742322744,1.233825767725591,,0.17242689919442436
patient_03,29,270.0,267.18551709578304,2.814482904216959,,0.2135650652354228
patient_03,30,315.0,317.25835048522964,2.2583504852296414,,0.2355749662759088
patient_03,31,180.0,178.53863511036067,1.4613648896393272,,0.22169090246258713
patient_03,32,90.0,96.21031618936128,6.210316189361265,,0.24087713582390116
patient_03,33,90.0,92.94231207939845,2.942312079398448,,0.24182917712728
patient_03,34,45.0,35.98656574768351,9.0134342523165,,0.23683004087477907
patient_03,35,315.0,322.8601442815045,7.8601442815045175,,0.27901734039950976
patient_03,36,0.0,0.6476286064293514,0.6476286064293504,,0.29866707685611077
patient_03,37,270.0,272.5679695877623,2.5679695877623203,,0.28451776617316904
patient_03,38,135.0,133.70408340381215,1.2959165961878512,,0.27992553521376773
patient_03,39,135.0,144.55682759596962,9.556827595969622,,0.27390063871889425
patient_03,40,270.0,279.4189307659112,9.418930765911227,,0.2767975106117992
patient_03,41,135.0,139.5205163704432,4.520516370443204,,0.28395893652186144
patient_03,42,45.0,47.69882840304945,2.698828403049447,,0.28867737307529534
patient_03,43,135.0,144.18244334155094,9.182443341550936,,0.30011675640714763
patient_03,44,135.0,136.4684458574198,1.4684458574197947,,0.2947268854634189
patient_03,45,315.0,314.3374608107549,0.6625391892450807,,0.31439323217720216
patient_03,46,315.0,319.75977550189896,4.759775501898957,,0.3281186870783016
patient_03,47,315.0,320.3874548611693,5.387454861169317,,0.3610280014778262
patient_03,48,315.0,316.9887278759394,1.9887278759393894,,0.39044522587219843
patient_03,49,225.0,228.61642110848396,3.616421108483962,,0.38435742677545126
patient_03,50,135.0,139.413604411366,4.413604411366009,,0.35939721773363287
patient_03,51,180.0,165.8994853837617,14.100514616238314,,0.3593306471282667
patient_03,52,315.0,319.33884240864967,4.338842408649668,,0.36175437573989394
patient_03,53,0.0,357.25991491902323,2.740085080976769,,0.3567175553086362
patient_03,54,270.0,270.9744022288585,0.9744022288584802,,0.37859008742770045
patient_03,55,0.0,358.3735069115628,1.6264930884372006,,0.3798761001371382
patient_03,56,135.0,140.6171845371726,5.617184537172591,,0.4026150844581259
patient_03,57,315.0,317.29276806026155,2.292768060261551,,0.414356059430729
patient_03,58,45.0,35.30853845958531,9.691461540414707,,0.43588875125845533
patient_03,59,45.0,32.3505320401412,12.649467959858782,,0.4307314701313573
patient_03,60,225.0,216.51292407697977,8.487075923020228,,0.42586754724284137
patient_03,61,135.0,142.84936192129828,7.849361921298282,,0.4086866494866487
patient_03,62,90.0,94.93940800788896,4.9394080078889715,,0.39385750092477645
patient_03,63,135.0,140.51766915669242,5.5176691566924205,,0.39308854393257464
patient_03,64,315.0,316.5977537349556,1.5977537349555746,,0.3859820414346405
patient_03,65,315.0,321.0351945634547,6.035194563454695,,0.3702592471333836
patient_03,66,135.0,138.7224357791394,3.7224357791394027,,0.36787073470906795
patient_03,67,225.0,215.13742286078107,9.862577139218928,,0.35952019678234726
patient_03,68,45.0,41.70176372346984,3.2982362765301616,,0.38028243027818964
patient_03,69,270.0,272.8797670217551,2.8797670217550717,,0.3804893894175009
patient_03,70,270.0,274.9412206963704,4.941220696370408,,0.38178944965079953
patient_03,71,135.0,133.86379700408702,1.1362029959129814,,0.3825629005245176
patient_03,72,225.0,223.4294647851145,1.5705352148854956,,0.36015042335470226
patient_03,73,225.0,224.26878021477282,0.7312197852271822,,0.34859615485417517
patient_03,74,45.0,38.288186419162635,6.711813580837372,,0.37790706352491077
patient_03,75,180.0,175.94080100794534,4.059198992054661,,0.36427638262298245
patient_03,76,270.0,274.64864050574727,4.648640505747267,,0.3502056777457887
patient_03,77,0.0,0.37375709971507487,0.3737570997150783,,0.3435897610503257
patient_03,78,270.0,272.10783388636764,2.1078338863676436,,0.3359802093132992
patient_03,79,0.0,359.61847279832807,0.3815272016719291,,0.33232871371743444
patient_03,80,90.0,93.14996459850805,3.1499645985080633,,0.3520221915644426
patient_03,81,0.0,356.2961536793918,3.703846320608136,,0.3585261686913898
patient_03,82,90.0,96.80769912292831,6.807699122928312,,0.3826074534142062
patient_03,83,315.0,315.80323002942777,0.8032300294277661,,0.3973483829292453
patient_03,84,45.0,49.495679087347334,4.495679087347327,,0.42678815993856517
patient_03,85,270.0,268.52257862548146,1.477421374518542,,0.43373798535752495
patient_03,86,45.0,42.86416481142305,2.135835188576948,,0.4473659738380097
patient_03,87,225.0,228.31619918150236,3.3161991815023555,,0.44309176946504336
patient_03,88,135.0,131.13014746060793,3.8698525393920704,,0.4805055939406233
patient_03,89,315.0,312.0822304490629,2.9177695509371233,,0.499645197125552
patient_03,90,315.0,321.25990027504156,6.259900275041559,,0.48838163610533986
patient_03,91,45.0,44.71797910458271,0.282020895417304,,0.48961168855609083
patient_03,92,270.0,276.84007193763887,6.840071937638868,,0.48663924695794536
patient_03,93,45.0,42.53632566272308,2.4636743372769274,,0.4786499212639349
patient_03,94,315.0,311.8590945421914,3.1409054578086284,,0.4870293274122305
patient_03,95,45.0,46.55215358288444,1.5521535828844435,,0.5122341469503089
patient_03,96,315.0,317.2388909356306,2.238890935630593,,0.5366222468559596
patient_03,97,270.0,271.9295404973806,1.9295404973805717,,0.5573681999238502
patient_03,98,180.0,183.77944481722648,3.7794448172264765,,0.5240804365968419
patient_03,99,0.0,355.24591367309137,4.754086326908691,,0.5329691527435486
patient_03,100,0.0,356.59254483712965,3.407455162870292,,0.5310109275077693
patient_03,101,180.0,176.63637906230355,3.363620937696453,,0.539919601954384
patient_03,102,90.0,89.36672564567753,0.6332743543224524,,0.503011996912899
patient_03,103,270.0,269.26699451706304,0.7330054829369601,,0.499942049393197
patient_03,104,90.0,89.19375550072486,0.8062444992751239,,0.4871088422794724
patient_03,105,135.0,133.7503683703001,1.2496316296999055,,0.4800676919105196
patient_03,106,315.0,318.0715676685816,3.071567668581622,,0.5062202158930047
patient_03,107,315.0,315.7802500970354,0.7802500970353776,,0.5074816473753259
patient_03,108,0.0,359.3233144222791,0.6766855777209457,,0.5357636780747013
patient_03,109,45.0,50.599300770124636,5.599300770124643,0.19545414899322644,0.5418445273104016
patient_03,110,315.0,322.3254986403881,7.325498640388105,0.1854472229951094,0.5043691828096136
patient_03,111,270.0,276.4049320661183,6.404932066118306,0.21213554399771795,0.49805071562104514
patient_03,112,180.0,181.90546635433017,1.9054663543301729,0.21826521390800657,0.48409700898078145
patient_03,113,45.0,38.46249744789053,6.5375025521094585,0.21953618858963875,0.5000888997518644
patient_03,114,180.0,182.98403362643478,2.9840336264347798,0.2219411142659462,0.5307634297470323
patient_03,115,315.0,312.438128304319,2.5618716956810204,0.23029171111840796,0.5508963652542328
patient_03,116,45.0,38.264899375285566,6.735100624714448,0.24823059346362975,0.5657336001897764
patient_03,117,45.0,40.352105383146814,4.647894616853193,0.23948491952709272,0.5481234920045253
patient_03,118,315.0,309.6894722136554,5.310527786344608,0.24579619362287097,0.5230419748161157
patient_03,119,0.0,4.133965890348876,4.13396589034889,0.23191664744497587,0.5236505456339955
patient_03,120,180.0,174.764281001939,5.235718998061003,0.20687200115586535,0.537108904083243
patient_03,121,135.0,134.67927263307078,0.3207273669292192,0.20599664709646603,0.5178748767985558
patient_03,122,270.0,277.21132724007,7.211327240069977,0.2068723269920154,0.5315024340973673
patient_03,123,135.0,136.83354649573846,1.8335464957384602,0.18925725017042527,0.5203974091500854
patient_03,124,315.0,310.46717943836325,4.532820561636754,0.1926726587995402,0.5348158054918984
patient_03,125,225.0,227.39600852736825,2.3960085273682523,0.21225969184524196,0.5901632084422064
patient_03,126,225.0,221.4947708773862,3.505229122613798,0.20283986225911033,0.6154842414661494
patient_03,127,135.0,135.70541769946817,0.7054176994681711,0.17733281893261665,0.629470320563249
patient_03,128,180.0,180.46473719520657,0.46473719520656687,0.16557330193714836,0.6239082989913363
patient_03,129,270.0,277.1364093992472,7.1364093992472135,0.17311333057045708,0.6308677730284836
patient_03,130,90.0,96.43827160222854,6.4382716022285535,0.1706465010765985,0.6251580736260207
patient_03,131,45.0,41.024010451028,3.975989548971995,0.16990769632120983,0.6112448863230882
patient_03,132,225.0,223.48325034311742,1.5167496568825811,0.18153521646698412,0.5871258161147439
patient_03,133,225.0,219.5437740583124,5.456225941687592,0.1976172271755079,0.6029272114530949
patient_03,134,90.0,89.96969741164254,0.030302588357471905,0.1836631910764508,0.5956058602401275
patient_03,135,135.0,137.16738696690675,2.167386966906747,0.16703667057649518,0.5970251537122983
patient_03,136,135.0,131.7665516937816,3.2334483062184063,0.1551448747926374,0.6346498540756697
patient_03,137,270.0,269.48363748103674,0.5163625189632626,0.16564823383478178,0.6655561719052453
patient_03,138,270.0,275.4638335899477,5.463833589947683,0.1821500568904053,0.7140134459646581
patient_03,139,135.0,143.36178577484964,8.361785774849636,0.16587929853139727,0.751320253924266
patient_03,140,135.0,134.86342610770527,0.13657389229473438,0.167300845996313,0.7478293826855442
patient_03,141,135.0,138.48425812370616,3.484258123706155,0.16714400933252804,0.7205499344183639
patient_03,142,135.0,141.82603395489815,6.826033954898151,0.15358829258712436,0.7198947839320589
patient_03,143,180.0,174.87152200006665,5.128477999933352,0.16290798078224888,0.7404966949437155
patient_03,144,180.0,177.12448127366824,2.8755187263317623,0.1844636713455694,0.7480529100580684
patient_03,145,90.0,91.42336970262159,1.423369702621585,0.1908678019946013,0.7562960762670298
patient_03,146,135.0,126.10130462464068,8.898695375359324,0.19848351713811585,0.7446480182332685
patient_03,147,135.0,140.05650418762949,5.056504187629486,0.1938187413055772,0.7612072966200515
patient_03,148,315.0,319.7980617483642,4.798061748364205,0.16942562527756966,0.7654190581018776
patient_03,149,315.0,312.43373645350493,2.5662635464950654,0.17997079988464204,0.7941183140182462
patient_03,150,45.0,39.896298656382974,5.103701343617018,0.1823133153792682,0.7706451630528048
patient_03,151,270.0,270.4922410281046,0.49224102810461545,0.1706459066789643,0.7599370731929733
patient_03,152,135.0,146.32895174031992,11.328951740319923,0.18340131750076427,0.7539123587782328
patient_03,153,0.0,352.68766433778194,7.312335662218061,0.16185693091858155,0.750077231415203
patient_03,154,45.0,34.5927407964185,10.407259203581503,0.15487844912197346,0.7576224297590625
patient_03,155,0.0,354.9129183362222,5.087081663777781,0.1409046032627801,0.7512017578365454
patient_03,156,0.0,354.86879251334483,5.131207486655171,0.13777028247002132,0.7572566749782275
patient_03,157,45.0,38.70784094000338,6.292159059996607,0.13374883546436056,0.7293935226087587
patient_03,158,45.0,40.91370117953695,4.086298820463043,0.1327119658888556,0.7347125491050723
patient_03,159,270.0,269.7575056367999,0.24249436320008044,0.14761076835405174,0.7092938033904943
patient_03,160,45.0,45.39755607993213,0.39755607993214426,0.15012361100147054,0.6792731343983276
patient_03,161,0.0,359.0905792436783,0.9094207563216514,0.1326158413951939,0.6971046677977742
patient_03,162,270.0,270.53518223948646,0.5351822394864598,0.12514190097210953,0.7309951570639956
patient_03,163,135.0,139.42321631081245,4.42321631081245,0.130713923701669,0.7238970174395145
patient_03,164,315.0,316.3590259881772,1.3590259881772226,0.11296098437245394,0.7559387452936875
patient_03,165,225.0,224.2659669603346,0.7340330396654053,0.13078617844310614,0.7364900644698525
patient_03,166,270.0,270.911122568911,0.9111225689110256,0.14092506769198554,0.732794278282954
patient_03,167,315.0,315.1488940190432,0.14889401904321176,0.14258119238771272,0.748693144140822
patient_03,168,0.0,350.18395261342806,9.816047386571881,0.13843864191087896,0.7679383290006658
patient_03,169,180.0,179.25751773643373,0.7424822635662736,0.16471097011094127,0.746236612516121
patient_03,170,135.0,138.40347797138963,3.403477971389634,0.16052894655852423,0.7474717239361859
patient_03,171,180.0,180.25270959751728,0.2527095975172813,0.17264770188321954,0.7548481945197726
patient_03,172,180.0,174.39036952189838,5.6096304781016215,0.17144330897318305,0.7486904020268512
patient_03,173,180.0,170.17504993240493,9.824950067595069,0.18278243608781253,0.7766480641623362
patient_03,174,315.0,309.6110004469972,5.3889995530028045,0.1786130896291489,0.7712223709089295
patient_03,175,135.0,138.6576499985063,3.6576499985062867,0.15974975816743342,0.7585248788926351
patient_03,176,45.0,45.43877176004074,0.43877176004073704,0.13086115851783742,0.7460750544430358
patient_03,177,90.0,91.80201799022468,1.8020179902246696,0.1249102446995547,0.7535759570769245
patient_03,178,180.0,176.97288003139454,3.0271199686054615,0.1224649396388422,0.7455439933162007
patient_03,179,315.0,319.06046441987536,4.060464419875359,0.11126954194896754,0.7566270891482405
patient_03,180,180.0,176.14664277848217,3.8533572215178253,0.1297771266465677,0.7442643446902537
patient_03,181,45.0,37.98162972718855,7.018370272811467,0.13387707216508282,0.7308316849156126
patient_03,182,0.0,357.27430522565055,2.7256947743494493,0.1192617872225048,0.7326319014589164
patient_03,183,225.0,221.97370259146365,3.026297408536351,0.1186258529829125,0.726589367383491
patient_03,184,45.0,39.72432844129401,5.275671558705994,0.11439827542694392,0.7190648382914183
patient_03,185,270.0,270.0877609504717,0.08776095047170429,0.11566286147435623,0.7179323187137517
patient_03,186,315.0,317.05146046984885,2.0514604698488483,0.11129378477929563,0.7276773525258424
patient_03,187,45.0,45.76966399859418,0.7696639985941829,0.09554080171695212,0.7493149710217565
patient_03,188,90.0,99.84764628643458,9.847646286434582,0.09108229297546,0.7413521113301385
patient_03,189,315.0,312.555170129733,2.4448298702669717,0.08890280402038186,0.748879917282409
patient_03,190,315.0,319.1152249580696,4.115224958069575,0.08788976699843154,0.7275313598024942
patient_03,191,225.0,224.15580182294798,0.8441981770520215,0.10091957437879362,0.7267931690772595
patient_03,192,315.0,315.13226845937925,0.13226845937924736,0.10426941333740825,0.7055078334966901
patient_03,193,90.0,91.01280285035165,1.0128028503516475,0.09968797527249773,0.7211616751007315
patient_03,194,180.0,180.37636657683285,0.3763665768328508,0.09735712925283835,0.7371818523850554
patient_03,195,270.0,271.8045697708483,1.8045697708482749,0.10909943532526967,0.75600218907822
patient_03,196,270.0,276.00693048702254,6.006930487022544,0.12298001956910642,0.7625948727357157
patient_03,197,315.0,314.56869982860974,0.4313001713902622,0.13420301529957968,0.786761379451406
patient_03,198,270.0,275.84780584147785,5.84780584147785,0.14626626764334816,0.8117543507223423
patient_03,199,0.0,352.4186240340181,7.58137596598192,0.14387955057457713,0.8186427855166006
patient_03,200,270.0,272.88900005756716,2.8890000575671593,0.1647757271351855,0.8227671596994579
patient_03,201,90.0,99.05524473565752,9.055244735657539,0.13883040285081893,0.825929091897614
patient_03,202,45.0,40.67043585586147,4.329564144138544,0.13739084086282016,0.8384500931196476
patient_03,203,315.0,313.64433761653214,1.355662383467859,0.1387009283026268,0.8791112445148032
patient_03,204,0.0,356.6666796204246,3.3333203795754116,0.13881467024137262,0.8798261164601551
patient_03,205,45.0,42.792566560640665,2.2074334393593347,0.1351384448592734,0.8677158171902322
patient_03,206,90.0,91.4678455788926,1.467845578892593,0.127329024417854,0.8738068632865054
patient_03,207,90.0,95.63584370193159,5.635843701931606,0.12438092355413488,0.863362117041184
patient_03,208,180.0,182.403780530554,2.403780530554002,0.13327218485380854,0.8356304207133248
patient_03,209,135.0,136.636453451678,1.636453451677994,0.11497863498187133,0.8612952732994552
patient_03,210,45.0,40.730466100595855,4.269533899404138,0.12274686107739363,0.8615105850594161
patient_03,211,315.0,316.2865115036786,1.2865115036785824,0.12841830895755724,0.8522463081193727
patient_03,212,90.0,94.05385130585555,4.053851305855545,0.10884015639236555,0.8670990147438931
patient_03,213,315.0,319.6058572046055,4.605857204605513,0.11340714001662011,0.8658116122774604
patient_03,214,90.0,92.79240758972705,2.7924075897270484,0.10452556397921597,0.8735638509604904
patient_03,215,45.0,42.683586314368775,2.3164136856312325,0.08628104607937193,0.8531077509307112
patient_03,216,315.0,321.83499063945555,6.834990639455555,0.08148248585227869,0.8441012278156022
patient_03,217,180.0,175.94958456745573,4.05041543254427,0.08310978762574806,0.851562376808503
patient_03,218,225.0,224.24085002111318,0.7591499788868248,0.10692949327913848,0.8222627024988143
patient_03,219,315.0,312.7013695739642,2.2986304260357997,0.0999714780320744,0.8620381287032641
patient_03,220,315.0,317.76141515011784,2.761415150117841,0.1101969945677741,0.8703266631699758
patient_03,221,90.0,94.74764475208843,4.7476447520884335,0.09673085886993604,0.8706552929132829
patient_03,222,225.0,218.15709441522566,6.842905584774343,0.11207271653504769,0.9002800545727896
patient_03,223,45.0,45.18931721049556,0.18931721049557382,0.10612191526788539,0.8835783683890648
patient_03,224,315.0,313.4986261193561,1.5013738806438823,0.10247572894760104,0.8853723228402889
patient_03,225,90.0,100.19327816216882,10.193278162168838,0.11245261243012195,0.8765702736602556
patient_03,226,225.0,224.4078178220442,0.5921821779558059,0.12247670200596605,0.8625149019950762
patient_03,227,45.0,46.35109954945919,1.3510995494592066,0.1244837689792897,0.8567491427033287
patient_03,228,90.0,96.37696405307277,6.376964053072754,0.1296257577580029,0.8499469147315848
patient_03,229,270.0,280.9904285782254,10.99042857822542,0.13776928980773206,0.8616759267580054
patient_03,230,45.0,39.75747122315706,5.242528776842931,0.14829575280329355,0.8347724855394553
patient_03,231,0.0,357.91532800188475,2.0846719981152546,0.141882663412777,0.8731357631633725
patient_03,232,135.0,142.82555948359558,7.825559483595583,0.13915357295911068,0.8757502742226226
patient_03,233,225.0,223.17678651368638,1.8232134863136196,0.13701505039920558,0.8641720678159187
patient_03,234,225.0,224.01959837732485,0.9804016226751457,0.14779082598823656,0.8638376192492718
patient_03,235,315.0,324.4444332568064,9.444433256806406,0.1368068838156038,0.8554220293659556
patient_03,236,315.0,315.6724686461632,0.6724686461632245,0.1348160483683225,0.8481262859517034
patient_03,237,225.0,220.42231813369642,4.577681866303578,0.1496981369195396,0.83890278279789
patient_03,238,45.0,43.90498300554714,1.0950169944528625,0.15361979252629698,0.8173904209389276
patient_03,239,225.0,219.66276380778598,5.3372361922140215,0.16177177972322365,0.7907086115530542
patient_03,240,45.0,37.04174911353315,7.958250886466857,0.16162882363236974,0.8005550112922895
patient_03,241,90.0,94.35218875055673,4.352188750556735,0.15239093208134946,0.816037177668419
patient_03,242,225.0,218.67048881332926,6.329511186670743,0.164541872132002,0.8284622243384137
patient_03,243,90.0,98.92682425080707,8.926824250807073,0.16737076288872288,0.8434703412614512
patient_03,244,135.0,132.0778059555427,2.9221940444573136,0.1635750723430256,0.8360377965238427
patient_03,245,180.0,180.4574956190574,0.4574956190573971,0.14638776509090512,0.8458384762633703
patient_03,246,90.0,99.64727300261038,9.647273002610376,0.1412122631024344,0.8315034173945299
patient_03,247,0.0,356.82393624794383,3.176063752056166,0.13822706353310643,0.8169676946120272
patient_03,248,45.0,42.17572310988687,2.82427689011314,0.12735703048315816,0.8270168461359642
patient_03,249,135.0,137.33352585569816,2.3335258556981557,0.12946932605672057,0.7973698152951754
patient_03,250,135.0,137.1299143694913,2.1299143694913028,0.12375395149705959,0.7923158536143572
patient_03,251,135.0,134.07952854397058,0.9204714560294178,0.11834335559976328,0.8236926910214375
patient_03,252,270.0,268.54823470981955,1.4517652901804468,0.12854006016678188,0.8545058939278485
patient_03,253,45.0,39.661114342666814,5.338885657333179,0.13349836161173467,0.8328990313449303
patient_03,254,0.0,358.119890792409,1.8801092075909764,0.12917027291621164,0.8531686420955986
patient_03,255,225.0,224.80719091139488,0.19280908860511659,0.13888312724012142,0.8737983098954218
patient_03,256,225.0,222.86493086209742,2.135069137902576,0.1528766324814681,0.8560850453709599
patient_03,257,45.0,42.92335305439082,2.076646945609184,0.15549854479897895,0.8465048545053412
patient_03,258,225.0,215.83665405889835,9.163345941101653,0.1647788568242632,0.850822886788485
patient_03,259,90.0,103.41282723997845,13.41282723997847,0.16513895668470457,0.8770252893156398
patient_03,260,270.0,273.07393683620063,3.0739368362006303,0.1771335141239696,0.8895704272059313
patient_03,261,270.0,267.93933286258357,2.0606671374164307,0.19373902134098664,0.9050570419333266
patient_03,262,90.0,97.77212722111382,7.772127221113806,0.1960996653360132,0.9195492500919246
patient_03,263,270.0,275.83548024642033,5.835480246420332,0.21165451706717597,0.9075433978653487
patient_03,264,135.0,136.57898257185732,1.578982571857324,0.21029795109464722,0.9418560942340093
patient_03,265,45.0,43.908677953341126,1.0913220466588882,0.2079758384006185,0.9266349575060525
patient_03,266,135.0,140.7523081217644,5.7523081217644005,0.21643362842359704,0.9308048416044042
patient_03,267,180.0,173.92773301690667,6.0722669830933285,0.2152669001640355,0.9503462289328374
patient_03,268,315.0,322.9817070596398,7.9817070596398025,0.18480331448748544,0.9538221662865156
patient_03,269,90.0,95.16798171141505,5.167981711415052,0.1931967321660375,0.9312394763330422
patient_03,270,315.0,318.2237284759184,3.223728475918392,0.1934000808168408,0.9244930218293294
patient_03,271,315.0,317.3894364095437,2.3894364095436913,0.1880277233861074,0.9354582717155742
patient_03,272,225.0,221.09863763657884,3.901362363421157,0.1912211858413002,0.9807527816544294
patient_03,273,45.0,47.477375074887824,2.477375074887817,0.19664732890425363,0.9796147205028238
patient_03,274,315.0,311.7321862961412,3.267813703858792,0.19929354858000536,1.0012669143250026
patient_03,275,315.0,318.3297333336039,3.3297333336038832,0.1943362893931937,1.0039412747040908
patient_03,276,270.0,273.0035700824733,3.0035700824732885,0.1864271611639703,0.9880241268874344
patient_03,277,270.0,277.03746465134213,7.037464651342134,0.20458658221197545,0.9843847884259246
patient_03,278,90.0,96.14769451932354,6.147694519323522,0.20662572733156015,0.9653553510606512
patient_03,279,270.0,273.8362460276205,3.8362460276205184,0.21120685504391012,0.9495133691366698
patient_03,280,135.0,144.44536117817546,9.44536117817546,0.21511209764232753,0.974483077248228
patient_03,281,225.0,223.18779310846236,1.8122068915376417,0.24648093480373579,0.9957944501435635
patient_03,282,90.0,88.94203071829737,1.0579692817026398,0.24267929295000368,0.9886425807163998
patient_03,283,135.0,137.49965424598608,2.499654245986079,0.22600568260191167,0.9922334340627419
patient_03,284,225.0,213.51451736907055,11.485482630929454,0.22277644609949832,1.008467127026734
patient_03,285,0.0,355.790414686127,4.209585313873049,0.21112819253481696,1.026656662958484
patient_03,286,270.0,280.66856882208157,10.668568822081568,0.2213804434685489,1.0248560013615808
patient_03,287,270.0,267.66182379096176,2.338176209038238,0.2045386487786427,1.035402881194746
patient_03,288,270.0,276.1691928067862,6.169192806786214,0.22808044870928423,1.0630938167042858
patient_03,289,0.0,0.9383884099985439,0.938388409998538,0.19359274720518194,1.056697535572568
patient_03,290,90.0,90.76077525314653,0.7607752531465337,0.2028826049557333,1.0750431527823936
patient_03,291,90.0,90.57989005603429,0.5798900560342872,0.20127608044442713,1.0634620804348098
patient_03,292,90.0,91.91585141700718,1.9158514170071612,0.18642141481322305,1.1053108171397452
patient_03,293,270.0,274.55642438933694,4.556424389336939,0.19563293097121814,1.096596555036938
patient_03,294,225.0,224.08533350088896,0.9146664991110356,0.21139832617376442,1.116207924736423
patient_03,295,225.0,221.6231669397885,3.37683306021151,0.2165458255181365,1.1151359786308117
patient_03,296,135.0,138.73634186909143,3.736341869091433,0.21297703203282747,1.0958208032098695
patient_03,297,315.0,317.5975189949177,2.5975189949177206,0.225463770427349,1.0916147781838155
patient_03,298,180.0,175.56543561551754,4.4345643844824565,0.24218596816578586,1.1030428870150017
patient_03,299,90.0,91.54011232656289,1.5401123265629053,0.2378361395603843,1.1106845853471898
patient_04,0,315.0,315.1705106426852,0.17051064268520122,,0.03512839276298106
patient_04,1,90.0,106.95961096314963,16.95961096314963,,0.05869831292936288
patient_04,2,225.0,222.5596271916313,2.440372808368693,,0.07533357568970836
patient_04,3,45.0,39.27725269875673,5.72274730124326,,0.08714383219281588
patient_04,4,180.0,174.1736443995823,5.826355600417713,,0.11944768558709379
patient_04,5,135.0,139.5260661074363,4.526066107436293,,0.14642805249204832
patient_04,6,315.0,320.8153077826402,5.815307782640218,,0.15521643998792078
patient_04,7,45.0,44.38997784996722,0.6100221500327905,,0.13060532072390324
patient_04,8,135.0,133.50446046591355,1.495539534086447,,0.13876714010224006
patient_04,9,135.0,135.5330162567659,0.5330162567659045,,0.1334689562780329
patient_04,10,45.0,41.15446961292067,3.8455303870793216,,0.11895317442570592
patient_04,11,225.0,224.06799579730094,0.932004202699062,,0.11752910137588772
patient_04,12,45.0,50.32484903135712,5.324849031357132,,0.1664276761518577
patient_04,13,0.0,346.7024865485221,13.297513451477926,,0.13508338671521006
patient_04,14,135.0,139.6020459814219,4.602045981421895,,0.12729252029728577
patient_04,15,135.0,136.20139474819302,1.2013947481930245,,0.11108335410680767
patient_04,16,90.0,99.29671356014185,9.296713560141853,,0.1077146398893078
patient_04,17,270.0,281.886468690765,11.886468690765014,,0.11606099016880342
patient_04,18,135.0,139.58670615499935,4.586706154999348,,0.1523904881065269
patient_04,19,315.0,313.4208666722964,1.5791333277035733,,0.16165954641813582
patient_04,20,90.0,93.0519060022999,3.0519060022999156,,0.16021762861361233
patient_04,21,270.0,281.27436851041915,11.274368510419151,,0.16753285450109429
patient_04,22,90.0,102.06113110456948,12.061131104569483,,0.18545685849823942
patient_04,23,135.0,141.031004001604,6.031004001604003,,0.2098361105365895
patient_04,24,225.0,221.6004671571292,3.399532842870798,,0.2172827898497001
patient_04,25,315.0,318.54971615476074,3.5497161547607448,,0.16550760896874
patient_04,26,270.0,271.5265057020472,1.5265057020471886,,0.1709976798313537
patient_04,27,180.0,170.82590213758522,9.174097862414783,,0.16111944862881827
patient_04,28,270.0,281.35731541331876,11.357315413318759,,0.17345914852191485
patient_04,29,0.0,352.5943059510249,7.405694048975079,,0.16000159486694887
patient_04,30,225.0,219.8369980420035,5.163001957996499,,0.13927430916781186
patient_04,31,315.0,314.51866619247164,0.4813338075283582,,0.1559182705931252
patient_04,32,45.0,36.74183832394066,8.25816167605933,,0.15278057032992168
patient_04,33,180.0,168.8029618806654,11.197038119334593,,0.14403551236596535
patient_04,34,180.0,170.76437677358243,9.235623226417573,,0.11810982388149727
patient_04,35,225.0,229.54324816967585,4.543248169675849,,0.125413719847277
patient_04,36,270.0,275.3736078626505,5.373607862650488,,0.11957291077360603
patient_04,37,315.0,316.54421182315815,1.5442118231581503,,0.1299238453917777
patient_04,38,0.0,344.98456016430885,15.015439835691154,,0.12845251700317672
patient_04,39,135.0,133.4667275219812,1.5332724780188016,,0.11720483814398089
patient_04,40,180.0,177.59435433412116,2.4056456658788363,,0.10411327916132812
patient_04,41,90.0,96.83407910326457,6.834079103264571,,0.10502886369407555
patient_04,42,0.0,356.9499427257323,3.050057274267715,,0.1329580821951019
patient_04,43,90.0,94.59793019338483,4.597930193384826,,0.12200059174857053
patient_04,44,315.0,316.84091498830213,1.8409149883021314,,0.1076013847769382
patient_04,45,225.0,225.16674459702136,0.16674459702136346,,0.1269568681428505
patient_04,46,315.0,310.8294294563825,4.170570543617487,,0.14365999731605522
patient_04,47,225.0,226.3357491280193,1.3357491280193017,,0.1315027879384018
patient_04,48,0.0,353.47340734153596,6.5265926584640965,,0.13930540374922848
patient_04,49,225.0,227.20910750749735,2.2091075074973503,,0.14181199156965857
patient_04,50,180.0,174.93362344230655,5.066376557693445,,0.15428522105526563
patient_04,51,90.0,96.75422975099066,6.754229750990646,,0.17253170145012744
patient_04,52,315.0,316.9752829865315,1.9752829865315107,,0.19110705525760605
patient_04,53,225.0,218.01202562013117,6.987974379868831,,0.2104282167001461
patient_04,54,225.0,224.53242567699246,0.46757432300753976,,0.21623835960969
patient_04,55,225.0,216.6728062719077,8.327193728092311,,0.20337475599287136
patient_04,56,270.0,271.8644729158478,1.8644729158477844,,0.183317262724288
patient_04,57,270.0,274.1661725738584,4.1661725738583755,,0.16234255717153762
patient_04,58,90.0,99.47981273545122,9.479812735451219,,0.1675329414154545
patient_04,59,315.0,310.12189017076855,4.878109829231448,,0.17039657290358817
patient_04,60,315.0,305.43174161903175,9.568258380968246,,0.16011033385692758
patient_04,61,0.0,355.57943925929897,4.420560740701035,,0.1826478693409035
patient_04,62,270.0,274.69945314060146,4.699453140601463,,0.18482640558177726
patient_04,63,225.0,228.4222781592455,3.422278159245508,,0.2160177777410871
patient_04,64,90.0,106.99361935709595,16.99361935709595,,0.23063198481838781
patient_04,65,270.0,277.1709923336258,7.170992333625804,,0.23575995034012887
patient_04,66,135.0,138.3887644712404,3.3887644712403926,,0.25562238389773095
patient_04,67,135.0,136.54309043884166,1.5430904388416593,,0.26752021271684534
patient_04,68,270.0,281.43706252519104,11.437062525191038,,0.24003547352324597
patient_04,69,0.0,351.2190303142695,8.780969685730497,,0.22704670924105497
patient_04,70,90.0,104.52057314913495,14.520573149134947,,0.2192242581465185
patient_04,71,180.0,177.00787674109952,2.9921232589004774,,0.1965953828818652
patient_04,72,90.0,93.9197909261669,3.919790926166911,,0.21098691037463094
patient_04,73,315.0,309.78841438838253,5.2115856116174655,,0.20881827292182992
patient_04,74,90.0,102.23183564194844,12.231835641948436,,0.20027696233538095
patient_04,75,180.0,176.65879693966696,3.3412030603330436,,0.20036557689824874
patient_04,76,135.0,137.8481220869522,2.848122086952202,,0.20813583821601386
patient_04,77,180.0,168.32147627105354,11.678523728946459,,0.23163601020148397
patient_04,78,0.0,353.815788422605,6.18421157739499,,0.23582716687419222
patient_04,79,0.0,354.461592942192,5.5384070578079445,,0.2517904740654645
patient_04,80,135.0,136.2540257740914,1.2540257740913887,,0.25443673513035014
patient_04,81,90.0,99.22914799702959,9.2291479970296,,0.2618770281072367
patient_04,82,45.0,52.97184695598361,7.971846955983608,,0.2983356876325127
patient_04,83,0.0,351.1379782560755,8.862021743924515,,0.29108142185448616
patient_04,84,0.0,359.7963308769263,0.2036691230737233,,0.3052741940047103
patient_04,85,0.0,349.2672099840693,10.732790015930732,,0.32632332054262186
patient_04,86,180.0,175.52824891751882,4.471751082481177,,0.32205306122575894
patient_04,87,45.0,43.61056575009119,1.3894342499088168,,0.302752246424031
patient_04,88,0.0,356.360012134847,3.639987865152989,,0.30179751491569684
patient_04,89,315.0,314.68530209171934,0.3146979082806638,,0.32564154442146886
patient_04,90,270.0,282.65943788614,12.659437886139983,,0.3094403985772416
patient_04,91,270.0,280.3353298328384,10.335329832838397,,0.27658449956027903
patient_04,92,45.0,39.07504364088281,5.924956359117175,,0.298589423868294
patient_04,93,180.0,175.08565721596358,4.914342784036421,,0.3217023821375182
patient_04,94,135.0,132.90111506986509,2.098884930134915,,0.338164276670917
patient_04,95,270.0,279.1118966330313,9.111896633031279,,0.36034989016283414
patient_04,96,225.0,222.70956662637815,2.290433373621852,,0.3526123736902
patient_04,97,45.0,37.64289679644898,7.35710320355102,,0.3163196840269181
patient_04,98,270.0,274.48036480499763,4.480364804997635,,0.3254757672010222
patient_04,99,90.0,89.98714161265009,0.012858387349922396,,0.3244491744529604
patient_04,100,0.0,351.60798592614344,8.392014073856558,,0.32384920079885915
patient_04,101,225.0,228.45346591192657,3.453465911926571,,0.2937429538729375
patient_04,102,0.0,351.7111862620661,8.288813737933879,,0.2950845222114521
patient_04,103,45.0,51.37414683482938,6.374146834829389,,0.2830995931310824
patient_04,104,270.0,279.4718374278733,9.47183742787331,,0.30790849987860935
patient_04,105,90.0,99.95773532028943,9.95773532028943,,0.30368619684070486
patient_04,106,0.0,349.8375228138862,10.162477186113847,,0.2894599423312592
patient_04,107,180.0,166.6369179374097,13.363082062590308,,0.3031611907430878
patient_04,108,90.0,96.76500184624408,6.7650018462440755,,0.32676430746055873
patient_04,109,180.0,170.22723156499387,9.772768435006128,0.10152517444879816,0.3719597147690076
patient_04,110,180.0,168.7236548869607,11.276345113039298,0.10341387725599382,0.37735779651691054
patient_04,111,45.0,44.84833406399678,0.1516659360032122,0.1087437363087469,0.3647346690635487
patient_04,112,135.0,139.09147533392127,4.091475333921267,0.12018008243690925,0.366388596363157
patient_04,113,45.0,39.982328336338966,5.0176716636610195,0.1428538604548022,0.355815556063777
patient_04,114,0.0,355.13306130254637,4.866938697453634,0.14427591329526912,0.375129801861225
patient_04,115,0.0,348.10777773757377,11.89222226242623,0.1680297275738587,0.34951311475326774
patient_04,116,135.0,131.73947379570222,3.2605262042977756,0.17420311542821132,0.34860448868589267
patient_04,117,135.0,139.1729324446209,4.172932444620898,0.1686607322703786,0.37273517092221314
patient_04,118,180.0,167.76293028821672,12.237069711783278,0.18937773848516404,0.37870890626264253
patient_04,119,0.0,345.80214167507813,14.197858324921867,0.1882402268194765,0.3752282314933641
patient_04,120,135.0,133.09760919222222,1.9023908077777776,0.18431306825840377,0.3982711828132198
patient_04,121,135.0,129.2707226004315,5.7292773995685025,0.19029233755733,0.39016410125425527
patient_04,122,90.0,97.5181117881072,7.5181117881072055,0.18552069164041374,0.38888025928827646
patient_04,123,225.0,224.33019646054825,0.669803539451749,0.17570015245089987,0.39002548690374006
patient_04,124,90.0,92.60182294989488,2.6018229498948813,0.17726524834253787,0.35853429430027195
patient_04,125,0.0,353.45096333080477,6.549036669195175,0.19357444311913685,0.34664114570814464
patient_04,126,45.0,42.54487489294696,2.4551251070530498,0.20632413347126555,0.3591830589411349
patient_04,127,135.0,138.2397613431502,3.2397613431502066,0.20860055032208003,0.35538463733473724
patient_04,128,225.0,228.40171708991485,3.401717089914854,0.18310470616027086,0.36431112798980186
patient_04,129,225.0,226.68315387385653,1.6831538738565257,0.16285441933275813,0.3698924997981039
patient_04,130,225.0,221.002708377101,3.997291622899013,0.15322208562130335,0.3607065899640388
patient_04,131,180.0,169.08371287897907,10.916287121020929,0.14538203372118552,0.3670847770813953
patient_04,132,90.0,94.5944893511034,4.594489351103391,0.13832580780021786,0.3698114590803991
patient_04,133,45.0,37.5110769274336,7.488923072566394,0.14457431190774805,0.3755076198694616
patient_04,134,90.0,104.92019363739017,14.920193637390184,0.14040673719566765,0.38192119320901285
patient_04,135,45.0,33.52905580064928,11.470944199350726,0.15064944855756757,0.3762074027884137
patient_04,136,90.0,100.70636581482268,10.706365814822675,0.16205283863414977,0.36300797829081327
patient_04,137,90.0,96.29226226236811,6.292262262368126,0.15726797606306597,0.3350940968356497
patient_04,138,135.0,132.95251526857925,2.0474847314207523,0.16088634449955297,0.3538842255437462
patient_04,139,90.0,97.58117737511712,7.581177375117136,0.18788742372656664,0.36590681333804703
patient_04,140,225.0,235.16109116137457,10.161091161374571,0.19655506239195208,0.3814338695485485
patient_04,141,45.0,45.955638442561046,0.9556384425610531,0.24941291396705223,0.38956036415002404
patient_04,142,315.0,317.18040128722595,2.1804012872259477,0.21781720421551487,0.3546185560572541
patient_04,143,135.0,135.8620204724673,0.8620204724672931,0.23137160372697796,0.3394131752685779
patient_04,144,45.0,37.590940555168174,7.409059444831826,0.23827135066626237,0.3066990006635402
patient_04,145,225.0,227.78622485389673,2.7862248538967265,0.2548443149609865,0.3033959988330219
patient_04,146,90.0,94.46358127266645,4.463581272666431,0.2911289547628444,0.30586902966175084
patient_04,147,0.0,352.1144452897891,7.885554710210954,0.27270198933131784,0.32375126347342664
patient_04,148,0.0,350.9767683009123,9.023231699087773,0.29927368839537927,0.34921748062967917
patient_04,149,90.0,90.51719968504388,0.5171996850438632,0.29408048996571745,0.3171958057559216
patient_04,150,45.0,46.43902607752413,1.4390260775241472,0.317681903460302,0.30587816329757445
patient_04,151,135.0,142.70458606627952,7.704586066279518,0.3397218850485797,0.31905541819775757
patient_04,152,135.0,129.22102958004962,5.778970419950383,0.35214840200693365,0.2997769198854689
patient_04,153,45.0,40.20388353022954,4.796116469770453,0.3468424218356141,0.2751040958371294
patient_04,154,315.0,315.7946521018519,0.7946521018519093,0.3544701639854355,0.2725030521476802
patient_04,155,0.0,355.0868705175516,4.913129482448426,0.34944835912417815,0.27407397552891577
patient_04,156,135.0,139.79122340397203,4.791223403972026,0.3540555664347984,0.2967345104312973
patient_04,157,0.0,350.28386234387494,9.716137656125056,0.35506910743086717,0.3115695856052455
patient_04,158,270.0,274.8540848332169,4.854084833216916,0.3055740249787777,0.30644621567020364
patient_04,159,225.0,224.41615643010573,0.5838435698942703,0.2834444687752522,0.33172865632785625
patient_04,160,0.0,352.388726002338,7.6112739976620105,0.29080809325706003,0.31660627762773746
patient_04,161,45.0,53.96779446252639,8.967794462526399,0.2862014269745363,0.32712574763029945
patient_04,162,45.0,37.469280672703,7.530719327296993,0.2992382062214083,0.329215891503679
patient_04,163,270.0,273.3054769025634,3.3054769025633846,0.2535758435505513,0.3207973676638937
patient_04,164,90.0,95.20995110547501,5.209951105475,0.266121834211841,0.3060844535209843
patient_04,165,225.0,229.96115555800043,4.961155558000428,0.25306110227819323,0.2841680333726013
patient_04,166,180.0,177.59917883625295,2.400821163747054,0.24407812320541522,0.2582003549592533
patient_04,167,90.0,100.41631551089479,10.416315510894776,0.2572879269388153,0.27522124604860504
patient_04,168,225.0,216.24722670981868,8.752773290181324,0.2551720718678614,0.24798057048065597
patient_04,169,45.0,43.17745199182836,1.8225480081716228,0.2686327923667564,0.2465573034490817
patient_04,170,180.0,165.0649780281431,14.935021971856912,0.2606197436090758,0.23600617157210874
patient_04,171,45.0,32.05582273675299,12.944177263247013,0.2730531035450827,0.26824984020687825
patient_04,172,180.0,170.61699137553722,9.383008624462775,0.25365981100747304,0.2860140716236491
patient_04,173,45.0,39.35226398088683,5.647736019113154,0.28397252359667124,0.27051191792530227
patient_04,174,225.0,226.12418249460708,1.1241824946070835,0.2598030580401378,0.2610389486215492
patient_04,175,0.0,348.8050136893011,11.194986310698823,0.2547293754349287,0.30711965617661585
patient_04,176,270.0,283.2945796624112,13.294579662411195,0.21597823112407566,0.2957242065119533
patient_04,177,90.0,97.53767831406441,7.537678314064408,0.2306248307774421,0.2975245787106403
patient_04,178,225.0,218.24299266009777,6.757007339902231,0.2310207462731877,0.276697035109371
patient_04,179,90.0,98.24322468207893,8.243224682078932,0.2550740695255107,0.2934578228563655
patient_04,180,135.0,132.0066427234413,2.9933572765586973,0.27333749947699415,0.311847127652977
patient_04,181,180.0,171.28431626280576,8.71568373719424,0.2739868922480371,0.30858323056150044
patient_04,182,180.0,175.6408046947235,4.359195305276501,0.2527582565938724,0.29065010431404614
patient_04,183,225.0,213.23106842994912,11.768931570050881,0.2309961238424152,0.27886993565617324
patient_04,184,90.0,107.20409381153965,17.20409381153965,0.22988992951902265,0.2934335182288508
patient_04,185,45.0,41.67440537555634,3.325594624443653,0.22907560118627623,0.30846236184978015
patient_04,186,45.0,42.96000330513758,2.039996694862424,0.2348835999384824,0.30290586504583944
patient_04,187,225.0,227.6794487166825,2.6794487166824865,0.2138475812984546,0.3108454110743983
patient_04,188,90.0,101.06023993414038,11.060239934140384,0.22227420787396435,0.31320910785755435
patient_04,189,90.0,98.35038790565106,8.350387905651075,0.2236372461405276,0.29496770626304264
patient_04,190,270.0,280.56850355579405,10.568503555794052,0.22002459500994487,0.2882682568064376
patient_04,191,45.0,44.88892743584218,0.11107256415783695,0.21114918398120075,0.3040235811420675
patient_04,192,270.0,275.5681028002811,5.56810280028111,0.20749048568423767,0.3166882122226968
patient_04,193,270.0,277.89752702238957,7.897527022389568,0.19901169564032362,0.35063559966740326
patient_04,194,315.0,316.71045109514773,1.7104510951477323,0.16963311042846163,0.31640301509805957
patient_04,195,180.0,172.9955215990371,7.00447840096291,0.16101246876588338,0.29512850508735927
patient_04,196,0.0,348.21068224010753,11.78931775989247,0.14994913332949933,0.3060507054514485
patient_04,197,0.0,345.3654089250256,14.634591074974423,0.14260282691331616,0.32111417384191004
patient_04,198,90.0,81.85929265991311,8.140707340086891,0.1518458831036229,0.2683660767231104
patient_04,199,180.0,172.37729352789913,7.622706472100873,0.13481471161797387,0.28158447055097946
patient_04,200,270.0,280.61450480146624,10.61450480146624,0.11477448855346051,0.30607337758896025
patient_04,201,315.0,311.54001680714356,3.4599831928564413,0.11547135293499622,0.28668065961878075
patient_04,202,270.0,278.1323196992788,8.13231969927881,0.1111360765692595,0.2896350834097965
patient_04,203,90.0,103.31196390114889,13.311963901148886,0.10386591463311046,0.2746688517318484
patient_04,204,270.0,274.509825694673,4.5098256946729975,0.11189484537089678,0.2616792221897861
patient_04,205,180.0,174.8931537241925,5.106846275807499,0.10409994854124394,0.2784020380803267
patient_04,206,315.0,311.4075029637879,3.5924970362120803,0.10144190676389764,0.303334794801594
patient_04,207,315.0,316.3884954732724,1.3884954732724282,0.09667856129166186,0.2956655848077999
patient_04,208,180.0,178.48040430555815,1.519595694441847,0.09010764243551961,0.30802310174873454
patient_04,209,0.0,347.77982702832657,12.220172971673492,0.09310770211350405,0.30072234785560825
patient_04,210,90.0,94.69599947070637,4.695999470706369,0.09699071847073171,0.26923070800342874
patient_04,211,135.0,131.17566521911561,3.824334780884385,0.09156020800616194,0.2928810253067309
patient_04,212,270.0,268.6990346432881,1.300965356711913,0.07927502554442967,0.2846214956985397
patient_04,213,180.0,173.1734902092446,6.826509790755409,0.07693268964198285,0.27968841431441666
patient_04,214,90.0,98.00646050551987,8.006460505519868,0.07991382768957589,0.30009183837626335
patient_04,215,90.0,101.4849745693246,11.484974569324606,0.08754237238392903,0.30649366617629775
patient_04,216,45.0,52.35002436645214,7.350024366452146,0.09924815042021518,0.3252251023539743
patient_04,217,135.0,142.55363302973706,7.553633029737057,0.08726797506985573,0.3547920482517889
patient_04,218,315.0,316.0496995345604,1.049699534560375,0.08545552118538247,0.32809022678841493
patient_04,219,90.0,98.30787681573214,8.30787681573213,0.08538976987716396,0.3628968908808386
patient_04,220,180.0,178.0004639659354,1.9995360340645902,0.08631568415526214,0.41324092436249715
patient_04,221,0.0,354.0150639904746,5.984936009525427,0.08407864352224781,0.437007630734769
patient_04,222,0.0,347.48566852090835,12.514331479091652,0.08684313786824305,0.4425172019513498
patient_04,223,135.0,135.36638719664015,0.3663871966401473,0.08032100976931389,0.43598785331529083
patient_04,224,180.0,170.47504874426275,9.52495125573725,0.0832858504923264,0.41082280222090156
patient_04,225,0.0,347.152966265006,12.847033734994056,0.08589327738226427,0.37362510052223963
patient_04,226,135.0,135.70308409248454,0.703084092484545,0.10735179704684317,0.38355058613653703
patient_04,227,90.0,98.17369833952475,8.173698339524748,0.1095981779071149,0.39755466893666613
patient_04,228,90.0,93.74460049641648,3.744600496416467,0.12847571972577043,0.39165015009750465
patient_04,229,90.0,102.63714968806778,12.63714968806778,0.12905433259480414,0.40176226402126464
patient_04,230,90.0,100.44891750003498,10.44891750003498,0.13393624277602711,0.3998172753513075
patient_04,231,0.0,349.474322645661,10.525677354338995,0.14405739832945574,0.40116128521431027
patient_04,232,90.0,97.3499458305749,7.349945830574882,0.15983189924657637,0.4276866446407918
patient_04,233,225.0,230.16517748003233,5.165177480032327,0.1646938629308181,0.44054503257496636
patient_04,234,0.0,348.1879923094688,11.812007690531118,0.1604144776584402,0.43351307453408794
patient_04,235,45.0,36.67878106309765,8.32121893690234,0.1555757742284385,0.4069547128541452
patient_04,236,180.0,162.26455312523206,17.735446874767945,0.13982917278948825,0.3863703947644397
patient_04,237,225.0,229.0009587786313,4.000958778631286,0.13763791092558897,0.37179564414503785
patient_04,238,315.0,317.46369215447413,2.4636921544741313,0.11999842263328286,0.37205669541179714
patient_04,239,90.0,100.9934233381063,10.993423338106311,0.12056879079634708,0.4121195413821001
patient_04,240,0.0,353.44741365646763,6.552586343532312,0.12940777597582187,0.415062720800784
patient_04,241,180.0,164.09757965536153,15.902420344638472,0.12390137938232826,0.41490495497605817
patient_04,242,90.0,100.87044729892881,10.87044729892881,0.15187109928990417,0.4398975358043964
patient_04,243,0.0,347.98038302953603,12.019616970463971,0.16175527766786857,0.43366894426230784
patient_04,244,90.0,104.15527973156127,14.15527973156128,0.16594150212017755,0.430060508211217
patient_04,245,225.0,224.0522102537546,0.9477897462454052,0.15584125970479512,0.44015635005820786
patient_04,246,315.0,313.19390393339364,1.806096066606358,0.1467731366000944,0.4934187022364728
patient_04,247,225.0,221.6963659898966,3.3036340101033943,0.13328805377920716,0.5019851612279338
patient_04,248,315.0,313.7886753718518,1.2113246281481906,0.11440202394015664,0.5086810606538004
patient_04,249,135.0,139.95436727022573,4.954367270225731,0.12819373233613884,0.5326110222557197
patient_04,250,315.0,308.366937088962,6.633062911037996,0.13049265612140992,0.5272656176566731
patient_04,251,225.0,221.92073650809903,3.0792634919009743,0.11687865084008298,0.5572801436360451
patient_04,252,225.0,218.1454219671524,6.8545780328475985,0.11196425786981479,0.5599310033910572
patient_04,253,225.0,224.18305329840382,0.81694670159618,0.0992637820220219,0.5713857997931142
patient_04,254,0.0,356.47959792250316,3.520402077496783,0.11389853391538463,0.5513959739557941
patient_04,255,315.0,315.84447817507316,0.8444781750731636,0.11627032556482053,0.5551301825184136
patient_04,256,0.0,347.3607074546425,12.63929254535742,0.12178070470989155,0.5914762247053715
patient_04,257,90.0,101.80473277716452,11.804732777164531,0.1311402282300662,0.5749170346372338
patient_04,258,45.0,35.65953274658993,9.340467253410054,0.14576137812978107,0.5725711338701914
patient_04,259,180.0,172.66429305181006,7.335706948189937,0.13866028824680576,0.5720253736407492
patient_04,260,45.0,48.85009808343706,3.8500980834370466,0.14201328031233817,0.5864642239091394
patient_04,261,0.0,351.2193465527968,8.780653447203122,0.14625386808127594,0.6427499639256982
patient_04,262,315.0,315.3950682087297,0.39506820872969683,0.1572975327835131,0.6740421479116554
patient_04,263,180.0,171.28617804751445,8.713821952485546,0.15303666032564855,0.657824046473062
patient_04,264,225.0,228.4716874625956,3.471687462595611,0.1347071288591275,0.6584815473724903
patient_04,265,45.0,48.768036523687314,3.7680365236873286,0.14159547913422266,0.696881827220138
patient_04,266,225.0,218.379074224844,6.620925775155996,0.12586618801833893,0.7117977088821703
patient_04,267,180.0,169.0260095207056,10.9739904792944,0.1229369791120547,0.7196726051529179
patient_04,268,0.0,351.71994866101977,8.280051338980229,0.1328084492309447,0.7336044325310831
patient_04,269,315.0,318.3160035549468,3.3160035549468034,0.13055785167965261,0.7370852456462736
patient_04,270,270.0,281.31889272159947,11.318892721599468,0.12138200237133834,0.7312183674580541
patient_04,271,315.0,307.26779489441367,7.732205105586331,0.11310966866031702,0.7187443897456428
patient_04,272,90.0,99.65351987821062,9.653519878210602,0.11179593648707442,0.738932944680533
patient_04,273,45.0,47.099062091546756,2.099062091546756,0.12884537942036012,0.7273106617248621
patient_04,274,45.0,51.66473725834927,6.664737258349277,0.14799467834428803,0.7383475208298942
patient_04,275,0.0,348.8915959776025,11.108404022397508,0.15548275984407933,0.7225626681824915
patient_04,276,225.0,218.8551027231758,6.144897276824196,0.14651596573237047,0.7215905459796694
patient_04,277,270.0,276.5328561083975,6.532856108397482,0.13496360254855144,0.736267674475201
patient_04,278,180.0,170.593967263244,9.406032736756003,0.12467466927494897,0.7271973670168475
patient_04,279,225.0,224.85316822158885,0.1468317784111548,0.12817107563145136,0.7246982294605551
patient_04,280,0.0,350.2129434757377,9.787056524262312,0.1467358264943739,0.6917253589237276
patient_04,281,135.0,137.43795706630928,2.4379570663092807,0.1318307852147793,0.6926093279179102
patient_04,282,45.0,49.30739255777462,4.3073925577746195,0.1458488822534374,0.7014252097726933
patient_04,283,315.0,313.6825345816418,1.3174654183582106,0.1465707243589387,0.7220678935067242
patient_04,284,45.0,35.08947762088816,9.910522379111853,0.14719600909777952,0.7293431534945878
patient_04,285,270.0,272.1817644428367,2.181764442836709,0.14405880403293292,0.7319266248602113
patient_04,286,270.0,279.1443659070376,9.144365907037582,0.1435206349372935,0.7139173070970989
patient_04,287,270.0,276.24474732089703,6.244747320897034,0.14774633408141025,0.740300915607346
patient_04,288,135.0,133.77972271928937,1.2202772807106328,0.13817515874003305,0.7172426820832484
patient_04,289,135.0,134.10402724364255,0.8959727563574518,0.12820305804678966,0.696933308260885
patient_04,290,90.0,97.0662935803863,7.0662935803862865,0.10664010728106277,0.702399107946619
patient_04,291,270.0,275.82603553160845,5.826035531608454,0.10825992210597235,0.7398062138269679
patient_04,292,90.0,104.23192419198088,14.23192419198088,0.11125315215513254,0.7206062638876743
patient_04,293,225.0,215.14322644435754,9.856773555642462,0.10955753191595896,0.6896053364031579
patient_04,294,270.0,275.30954520085,5.309545200849982,0.1201181186837097,0.7187546381349261
patient_04,295,0.0,348.8319707096596,11.168029290340428,0.12029197297204774,0.7260495193924372
patient_04,296,180.0,174.7014527105509,5.29854728944909,0.11564859922043791,0.7276920335677567
patient_04,297,180.0,173.083759137586,6.916240862414014,0.10199627609617146,0.7559182984082364
patient_04,298,90.0,103.42907625319279,13.42907625319279,0.09576111349349059,0.7442534343127207
patient_04,299,270.0,282.00207949285505,12.002079492855046,0.0944368723280764,0.7590289323589443
patient_05,0,90.0,94.29819691772855,4.298196917728546,,0.139028801213928
patient_05,1,180.0,184.68082017607244,4.680820176072444,,0.387740595031294
patient_05,2,315.0,317.65911363048576,2.6591136304857628,,0.3988786220514183
patient_05,3,0.0,6.022535351690685,6.022535351690692,,0.46792055956945366
patient_05,4,180.0,186.01138941276574,6.0113894127657375,,0.6873479156123834
patient_05,5,270.0,264.74215324720075,5.257846752799253,,0.6486781165060679
patient_05,6,135.0,134.79227555711697,0.20772444288303404,,0.726100735150562
patient_05,7,180.0,177.50073545867784,2.4992645413221624,,0.6730401856877932
patient_05,8,135.0,132.7161656770558,2.2838343229441875,,0.641928186919602
patient_05,9,135.0,137.7707965096419,2.7707965096419116,,0.7574231625184318
patient_05,10,180.0,183.69807474141834,3.6980747414183384,,0.8248260025083527
patient_05,11,180.0,179.39830420246844,0.601695797531562,,1.0184918134412635
patient_05,12,135.0,136.67481607663538,1.6748160766353806,,0.9570084135459285
patient_05,13,0.0,4.7860264183337335,4.7860264183337335,,0.9855616916586579
patient_05,14,225.0,221.2812030248056,3.718796975194408,,1.152229095931783
patient_05,15,90.0,85.45112451664264,4.548875483357364,,1.4243541191466051
patient_05,16,45.0,39.497403071453284,5.502596928546723,,1.5237614475746313
patient_05,17,225.0,222.54544269606862,2.454557303931381,,1.5143753565689695
patient_05,18,180.0,181.70116627093572,1.7011662709357154,,1.5448259818026722
patient_05,19,270.0,265.4713618320297,4.528638167970314,,1.6392579198137007
patient_05,20,225.0,220.44416472501072,4.555835274989278,,1.5973416373967693
patient_05,21,45.0,45.85762571460412,0.8576257146041257,,1.4688511694930415
patient_05,22,315.0,311.5021231612113,3.497876838788727,,1.4089389678489648
patient_05,23,225.0,223.25651607195553,1.7434839280444692,,1.4887378983615196
patient_05,24,180.0,180.48858038489362,0.48858038489362343,,1.6323723873908897
patient_05,25,225.0,226.46755137380228,1.46755137380228,,1.7736737497542776
patient_05,26,135.0,140.7664340350221,5.766434035022087,,1.7655309440901183
patient_05,27,270.0,266.4508523504996,3.549147649500412,,1.5318393199822125
patient_05,28,180.0,180.7969912774403,0.7969912774402985,,1.7194342550956228
patient_05,29,90.0,86.89327272652262,3.106727273477361,,1.8271639306664287
patient_05,30,0.0,0.13675916481390127,0.1367591648138955,,1.683078408544214
patient_05,31,180.0,179.94389713542887,0.05610286457113034,,1.6760608329497593
patient_05,32,135.0,138.92208305654208,3.9220830565420783,,1.6226234677264868
patient_05,33,315.0,312.64395010861926,2.356049891380735,,1.8792892876163947
patient_05,34,135.0,131.29924610031142,3.7007538996885785,,2.1094724195721164
patient_05,35,225.0,224.82434140249444,0.17565859750556,,1.981237985421425
patient_05,36,270.0,264.1085936357524,5.891406364247587,,1.8897259202361334
patient_05,37,135.0,129.47761920209243,5.522380797907573,,2.016370586980928
patient_05,38,270.0,270.4076431871132,0.40764318711319447,,2.0230698659589414
patient_05,39,225.0,222.2772054569912,2.7227945430088027,,1.952534923047592
patient_05,40,90.0,92.71519175235909,2.7151917523590896,,1.9664508397872282
patient_05,41,45.0,35.49694138584852,9.503058614151485,,2.0225104701076284
patient_05,42,0.0,359.86255522325456,0.1374447767454967,,2.1058208758370824
patient_05,43,180.0,176.51493729530367,3.4850627046963325,,2.190536817958592
patient_05,44,90.0,85.87687513374227,4.12312486625774,,2.3005964237212275
patient_05,45,45.0,43.12847223387056,1.8715277661294465,,2.3156088619104773
patient_05,46,135.0,136.23616350947967,1.2361635094796668,,2.3865401822695205
patient_05,47,225.0,218.08592324122543,6.91407675877457,,2.442440372489311
patient_05,48,45.0,43.114668162132816,1.8853318378671702,,2.378600318019509
patient_05,49,90.0,86.96141326053599,3.0385867394639945,,2.3414466666645746
patient_05,50,0.0,1.7775047128293537,1.7775047128293409,,2.171732287839755
patient_05,51,270.0,265.2861342298582,4.713865770141808,,2.1564034537600603
patient_05,52,270.0,267.0278477136461,2.9721522863538894,,1.9302343162681659
patient_05,53,90.0,89.14196486139548,0.8580351386045209,,2.057841723426755
patient_05,54,45.0,49.86503132646966,4.865031326469648,,2.2206137530426275
patient_05,55,180.0,179.56455128717633,0.43544871282367126,,2.253791810044199
patient_05,56,135.0,138.11090575936197,3.1109057593619696,,2.327176503996031
patient_05,57,135.0,133.68320072560437,1.3167992743956347,,2.282408901472933
patient_05,58,180.0,184.16579491233244,4.165794912332444,,2.309027827758479
patient_05,59,0.0,3.678035935460624,3.6780359354606276,,2.2454596216010323
patient_05,60,135.0,137.96504909710885,2.965049097108846,,2.1611056050740243
patient_05,61,180.0,177.09406464195013,2.9059353580498737,,2.421527736587885
patient_05,62,90.0,89.07222132883241,0.9277786711675731,,2.4424231966303354
patient_05,63,180.0,180.5787483320168,0.5787483320168008,,2.199552867893374
patient_05,64,270.0,271.05325271216935,1.0532527121693533,,2.276735540413599
patient_05,65,270.0,267.39015722198224,2.6098427780177644,,2.3192691038303046
patient_05,66,90.0,89.41218037505071,0.5878196249493044,,2.338223656824805
patient_05,67,315.0,314.9169597028846,0.08304029711541716,,2.3778583219498715
patient_05,68,225.0,225.06136182349454,0.06136182349453634,,2.3310471049058474
patient_05,69,0.0,358.77945730454155,1.2205426954584482,,2.3018307863045084
patient_05,70,0.0,3.6479378513736345,3.6479378513736265,,2.1978409895183053
patient_05,71,90.0,82.10974125682407,7.890258743175934,,2.4129444256361947
patient_05,72,0.0,354.865499729932,5.134500270067974,,2.4945484466582033
patient_05,73,90.0,91.35174174872522,1.3517417487252033,,2.6415162673323853
patient_05,74,45.0,46.50222396801541,1.5022239680154144,,2.6746333193662326
patient_05,75,270.0,266.7526198576353,3.2473801423647046,,2.8439800956392265
patient_05,76,135.0,134.2006329862233,0.7993670137767026,,2.9094100998515238
patient_05,77,45.0,49.01783201279773,4.017832012797726,,2.853375902517578
patient_05,78,180.0,183.42260235842457,3.4226023584245695,,2.7230031189882418
patient_05,79,0.0,0.3925148691718626,0.39251486917186185,,2.6590587596112965
patient_05,80,90.0,87.69036500579806,2.3096349942019287,,2.5495070816916368
patient_05,81,315.0,317.4419670987896,2.4419670987895756,,2.3239227747229005
patient_05,82,90.0,81.62203184994671,8.377968150053277,,2.373130844392338
patient_05,83,180.0,179.38430444392642,0.6156955560735753,,2.4055429279220286
patient_05,84,135.0,133.48273880587314,1.51726119412686,,2.2174140081824327
patient_05,85,0.0,357.4070822899172,2.5929177100828156,,2.241572366194668
patient_05,86,135.0,128.92271209105692,6.077287908943077,,2.5290128314742697
patient_05,87,90.0,90.69302655470567,0.693026554705682,,2.5836576087609195
patient_05,88,90.0,89.39425739147754,0.605742608522462,,2.536046363919813
patient_05,89,135.0,128.0814262577616,6.918573742238408,,2.6047626457400437
patient_05,90,225.0,226.2399323761796,1.2399323761796097,,2.4692354015937625
patient_05,91,315.0,318.0685144945402,3.0685144945401817,,2.32810992756333
patient_05,92,0.0,359.31713976629817,0.682860233701831,,2.2962138262649363
patient_05,93,90.0,87.19970432957575,2.800295670424248,,2.305657627523722
patient_05,94,225.0,226.77274423977204,1.772744239772038,,2.373197100136444
patient_05,95,270.0,271.72361678684524,1.7236167868452412,,2.2505117004899593
patient_05,96,270.0,263.5914414610215,6.408558538978525,,2.306367544094232
patient_05,97,0.0,1.6000674859961956,1.6000674859961919,,2.123619420464145
patient_05,98,315.0,312.28916930245845,2.710830697541553,,1.9323779358353093
patient_05,99,180.0,181.79395197039716,1.7939519703971598,,2.023298758027387
patient_05,100,225.0,222.53510237888767,2.4648976211123284,,2.044406249272221
patient_05,101,45.0,42.54038792750633,2.4596120724936554,,1.9656524633708834
patient_05,102,45.0,46.252539174471984,1.2525391744719911,,1.9837738512102667
patient_05,103,180.0,177.38729669999668,2.612703300003318,,1.7429314252744024
patient_05,104,315.0,313.9976273529179,1.0023726470820975,,1.614359540383933
patient_05,105,270.0,266.9059099313801,3.0940900686198916,,1.6246495198109916
patient_05,106,90.0,86.84305751822427,3.1569424817757294,,1.5358545056293165
patient_05,107,0.0,6.640858261932343,6.640858261932351,,1.5258197659063193
patient_05,108,180.0,185.48026219504237,5.480262195042371,,1.508606081047841
patient_05,109,0.0,0.7282591909825163,0.7282591909825271,0.1697053579603649,1.5177508045719044
patient_05,110,45.0,40.96583084337871,4.034169156621289,0.1829997871079776,1.4009277454491802
patient_05,111,0.0,1.8327250215981143,1.8327250215981223,0.20430864872905108,1.4795497583624397
patient_05,112,90.0,93.44094130286936,3.440941302869362,0.2072110045433435,1.5396919597798133
patient_05,113,0.0,3.599909269077974,3.5999092690779833,0.23516287195303764,1.7295984945836453
patient_05,114,45.0,42.30553814721637,2.6944618527836326,0.23978531061705155,1.7375005745492231
patient_05,115,180.0,183.2323790526851,3.232379052685104,0.21072237714720643,1.8099178172316965
patient_05,116,225.0,217.21803245580426,7.781967544195737,0.19705293720681727,1.8011455013703026
patient_05,117,180.0,181.59981540467228,1.5998154046722846,0.1710516259774355,1.7039138625140928
patient_05,118,135.0,132.49791133537846,2.502088664621539,0.17355140439253436,1.7329064713434337
patient_05,119,0.0,2.749136864176879,2.749136864176876,0.17436278470668753,1.6750187834894859
patient_05,120,225.0,225.85043066119212,0.8504306611921209,0.15286707768912944,1.6185964999666154
patient_05,121,270.0,271.9026450377179,1.902645037717889,0.15294959342354897,1.7649956006206322
patient_05,122,135.0,132.89640396540375,2.1035960345962508,0.13347015876079382,1.8140223374201532
patient_05,123,180.0,182.5019445548899,2.5019445548898886,0.12159397818198237,1.918108364465101
patient_05,124,45.0,36.78736684744945,8.212633152550552,0.12731505354166472,1.9648604735949715
patient_05,125,225.0,222.6442721464173,2.3557278535826924,0.12477826841414252,1.8706920128672713
patient_05,126,135.0,130.0832243291524,4.916775670847613,0.12972996881671683,2.149140806129928
patient_05,127,135.0,133.25707691263653,1.7429230873634651,0.1155633668167404,2.0376689357524844
patient_05,128,45.0,43.96123332655932,1.0387666734406764,0.1367084502274949,1.9922173270178813
patient_05,129,45.0,42.28574848830953,2.7142515116904633,0.13113547003492965,2.128317349518184
patient_05,130,45.0,45.916425076845734,0.9164250768457407,0.13222148609359685,2.05464291651153
patient_05,131,270.0,261.85057874735276,8.149421252647244,0.1250097796724603,2.228072251123052
patient_05,132,225.0,227.67357607718586,2.6735760771858565,0.11883540616814958,2.1626336696214463
patient_05,133,90.0,86.89353167093262,3.1064683290673827,0.13144667145001065,2.1423526221558586
patient_05,134,180.0,183.1620452162367,3.1620452162366917,0.12397972877793961,2.298742716072848
patient_05,135,135.0,129.65542805169036,5.3445719483096354,0.10812751859479786,2.2742294603477813
patient_05,136,315.0,317.0692468357756,2.069246835775573,0.1226866525334458,2.3456373904554604
patient_05,137,270.0,265.8621390462536,4.137860953746383,0.12907257799775884,2.2594699593196585
patient_05,138,90.0,88.94593560748885,1.054064392511151,0.13002930145423264,2.2463511845517647
patient_05,139,180.0,180.70443254414172,0.7044325441417243,0.1360081556981818,2.393712812597031
patient_05,140,90.0,90.16189062906062,0.1618906290606219,0.13229036826047036,2.467280313084057
patient_05,141,90.0,82.95435419614209,7.045645803857894,0.12635385693492296,2.431397448616725
patient_05,142,270.0,272.50338350996344,2.5033835099634416,0.11770840553362749,2.3287586846039425
patient_05,143,45.0,39.8269028309704,5.173097169029603,0.12410777761321246,2.3185023349156864
patient_05,144,225.0,228.1517785439335,3.1517785439334887,0.1157392304948317,2.3202650872653803
patient_05,145,90.0,87.13019157000915,2.8698084299908544,0.1125458518369804,2.3809070678196758
patient_05,146,135.0,142.32687805908353,7.326878059083526,0.10597837997106208,2.6295635925922447
patient_05,147,90.0,88.7664793504179,1.2335206495820898,0.09909927834538834,2.5573951138681865
patient_05,148,270.0,263.6810576469773,6.318942353022692,0.09466396167106161,2.8008199287655264
patient_05,149,135.0,129.5096658156606,5.490334184339389,0.09367028733894855,2.8707674253656545
patient_05,150,315.0,310.02105487177204,4.978945128227963,0.10562700485486509,2.984730367214395
patient_05,151,135.0,133.6160893658966,1.3839106341033869,0.09987784289062862,3.108470374346626
patient_05,152,225.0,224.6938930594717,0.3061069405283092,0.08180027646884369,3.0937014365551203
patient_05,153,315.0,316.9762526471433,1.9762526471433262,0.0974140971050117,3.0434988912024687
patient_05,154,315.0,318.2421363430874,3.2421363430873953,0.09921490571413827,2.8245994530828575
patient_05,155,180.0,181.15285028845958,1.1528502884595753,0.0948757964399718,2.673182253051254
patient_05,156,0.0,1.3608773092676325,1.3608773092676358,0.09926888888290186,2.7939580643424007
patient_05,157,315.0,310.14493789556207,4.855062104437934,0.10052606412417298,2.67792141393692
patient_05,158,180.0,174.33195621670313,5.668043783296866,0.100162304190623,2.659467636352559
patient_05,159,0.0,0.449190809893124,0.44919080989311055,0.09947417860686425,2.640152349915841
patient_05,160,225.0,220.85232518367977,4.147674816320233,0.08693355374988698,2.6955292138751683
patient_05,161,225.0,225.34517063974943,0.3451706397494263,0.07815955187305779,2.6823939263335923
patient_05,162,45.0,47.19711902639363,2.1971190263936364,0.08206784824523972,2.6637377232233614
patient_05,163,225.0,220.94936460514785,4.050635394852151,0.07609006658113415,2.555827514306004
patient_05,164,180.0,184.713363139733,4.713363139732991,0.07205858596340775,2.5380922789759968
patient_05,165,180.0,175.13369172941998,4.866308270580021,0.0805555539960805,2.66885989475131
patient_05,166,225.0,227.6438659543438,2.643865954343795,0.0869626494429907,2.5956476383356266
patient_05,167,45.0,45.69341707877086,0.6934170787708638,0.09516646092885583,2.5889259758124616
patient_05,168,90.0,88.14460401736949,1.8553959826305118,0.10445005378606353,2.507949370533998
patient_05,169,45.0,44.5939512248849,0.40604877511509585,0.10740123726532769,2.3928681994626424
patient_05,170,90.0,90.97944719056055,0.9794471905605633,0.1222217864970574,2.4014019602297165
patient_05,171,45.0,43.00253484529729,1.9974651547026951,0.1300931392279585,2.3026967181295905
patient_05,172,315.0,314.21482957400946,0.7851704259905432,0.13407901609863604,2.235392447486892
patient_05,173,90.0,82.70796928349696,7.292030716503035,0.14843628149567056,2.1955854054149935
patient_05,174,315.0,314.85348515818487,0.14651484181513297,0.14970678907414392,2.16242150841534
patient_05,175,0.0,9.083323383639742,9.083323383639737,0.16215885823960452,2.2415929377770665
patient_05,176,180.0,181.77977329760404,1.779773297604038,0.1504353857627594,2.2807175715452708
patient_05,177,0.0,358.2965207478702,1.703479252129796,0.16339278100899257,2.273224126214487
patient_05,178,0.0,1.710894262989358,1.7108942629893704,0.16101095178893132,2.269306150420774
patient_05,179,225.0,222.46185691211738,2.5381430878826166,0.15168035643178435,2.2939337026225934
patient_05,180,90.0,86.55760330586989,3.4423966941301103,0.15424580492196327,2.462146586677177
patient_05,181,135.0,133.13516972700717,1.8648302729928332,0.1519721275555428,2.466581601990831
patient_05,182,0.0,358.1445589180199,1.855441081980075,0.15785500749955617,2.55988209353774
patient_05,183,135.0,136.88077871498123,1.8807787149812327,0.1578559775659052,2.622483774527183
patient_05,184,180.0,181.23291283688897,1.2329128368889712,0.1574872533614613,2.585496255588828
patient_05,185,315.0,313.3114869637506,1.6885130362493896,0.16888381437118216,2.447366434415079
patient_05,186,270.0,266.1909561771507,3.809043822849276,0.16126707337457358,2.3022243556103343
patient_05,187,135.0,138.05720512545014,3.057205125450139,0.14617547270115505,2.3051086902350377
patient_05,188,45.0,41.778872668981755,3.221127331018238,0.1504767290429836,2.188338132198913
patient_05,189,135.0,129.63016515637145,5.369834843628553,0.15321624570361347,2.2227482345367537
patient_05,190,180.0,180.07670412093123,0.07670412093122536,0.14455523438414097,2.3244307189381535
patient_05,191,90.0,73.07696489728096,16.92303510271904,0.14315232151849422,2.4382812948752197
patient_05,192,0.0,13.339883894389832,13.339883894389828,0.14872552026871944,2.1612477204635723
patient_05,193,45.0,42.42333013202162,2.5766698679783815,0.15156633700583644,2.246383423193775
patient_05,194,45.0,42.39077105699318,2.6092289430068263,0.16876806606404404,2.190184415043931
patient_05,195,270.0,266.05921228266556,3.9407877173344446,0.16970734837243562,2.126423959752046
patient_05,196,135.0,142.59610875804353,7.596108758043528,0.17129720378770052,2.054314830981951
patient_05,197,180.0,185.43345678552586,5.433456785525863,0.16420529946429685,2.246972260388497
patient_05,198,135.0,131.88331889969837,3.1166811003016335,0.1524925834982369,2.2308953339010262
patient_05,199,90.0,86.4715578824395,3.528442117560502,0.15973928552000505,2.167360546887568
patient_05,200,0.0,3.5866661424384945,3.586666142438503,0.15634788536676858,2.356427411749735
patient_05,201,225.0,215.6168433515099,9.383156648490086,0.15117852935003473,2.3909015858321734
patient_05,202,180.0,190.51184679220103,10.511846792201027,0.15540071957754886,2.3819955577240792
patient_05,203,45.0,37.87211425771615,7.1278857422838655,0.16026629271237613,2.4191957648256732
patient_05,204,0.0,357.799349758858,2.200650241142057,0.16333926560828527,2.3155785325154437
patient_05,205,90.0,95.96917939161138,5.9691793916113625,0.1713814788055883,2.422515734042081
patient_05,206,315.0,319.42577960740215,4.4257796074021485,0.16942243755220687,2.5099269751286304
patient_05,207,225.0,226.3387788550832,1.3387788550832056,0.16523012762674583,2.3840620469270357
patient_05,208,315.0,318.11319625442775,3.1131962544277485,0.17107230863904466,2.526363224395057
patient_05,209,135.0,125.60220105016457,9.397798949835419,0.15151941962668047,2.4454310430663453
patient_05,210,45.0,40.789147531724005,4.210852468275988,0.16974288511007174,2.241279952295665
patient_05,211,270.0,266.87504100949985,3.124958990500147,0.17943921505022953,2.3224060087597183
patient_05,212,135.0,134.50919883549682,0.490801164503182,0.16253462470108726,2.3476020386472514
patient_05,213,180.0,184.40842781758525,4.408427817585249,0.17725537519117474,2.4123788067866725
patient_05,214,270.0,270.7720480243697,0.7720480243697239,0.18702015855151455,2.3511979771861515
patient_05,215,180.0,187.2305316568153,7.2305316568152875,0.185188370711459,2.209456270981951
patient_05,216,315.0,315.2872072092217,0.2872072092217195,0.192768721673529,2.2561655414710797
patient_05,217,45.0,40.862449412104354,4.137550587895646,0.19425169324465497,2.479433157361962
patient_05,218,90.0,85.74363202274888,4.256367977251102,0.19556840682033627,2.579696388573516
patient_05,219,90.0,85.00563789663423,4.9943621033657735,0.1836341549419931,2.5540242391128185
patient_05,220,45.0,42.73086442729468,2.2691355727053235,0.18586056500585624,2.569957268099039
patient_05,221,225.0,220.07874032733378,4.921259672666224,0.1561832803758767,2.5948302549838522
patient_05,222,90.0,89.2375869643591,0.7624130356409182,0.14832950647307985,2.5495891190587474
patient_05,223,0.0,7.92326773570874,7.923267735708748,0.15583975010674234,2.556454153038094
patient_05,224,0.0,4.776871263535406,4.776871263535412,0.16547191932432082,2.565358218699523
patient_05,225,45.0,39.88357111331419,5.11642888668581,0.16637187169480594,2.570284219486001
patient_05,226,0.0,358.47673023761246,1.5232697623875993,0.19208159644899947,2.539772968721655
patient_05,227,90.0,84.28803050810114,5.711969491898856,0.18654379905039598,2.534018102694369
patient_05,228,225.0,223.85156074655424,1.1484392534457584,0.15443681607533488,2.403327890860124
patient_05,229,315.0,313.97683185905044,1.023168140949565,0.16934646679402743,2.4804590230649075
patient_05,230,45.0,46.86236465499293,1.8623646549929163,0.17455298672274555,2.6477331740206576
patient_05,231,270.0,265.71050823735686,4.289491762643138,0.18124883671660363,2.517749510441752
patient_05,232,225.0,216.80758830621633,8.192411693783669,0.16494583817370412,2.367772680711645
patient_05,233,45.0,37.071063621488896,7.928936378511111,0.18496634225380681,2.3773865295113614
patient_05,234,45.0,45.03357256207184,0.03357256207183923,0.21136141353346538,2.330150874335162
patient_05,235,225.0,216.73345902882812,8.266540971171878,0.20435893235536184,2.3807221800015013
patient_05,236,180.0,181.18531038072993,1.1853103807299306,0.19367666353719493,2.3546024619046553
patient_05,237,135.0,139.87656424577656,4.876564245776564,0.19071576133397095,2.2520286249982893
patient_05,238,135.0,130.53910786118408,4.460892138815922,0.1719227478058869,2.3767759968873863
patient_05,239,45.0,43.0979866734162,1.9020133265838126,0.18633025556406935,2.204627498173651
patient_05,240,180.0,177.1659902480593,2.834009751940698,0.1840347931842663,2.3057580744218864
patient_05,241,180.0,181.82680941569353,1.826809415693532,0.17413439205385917,2.4376427529359415
patient_05,242,0.0,7.070007685433034,7.0700076854330405,0.1692789696046786,2.41836716423797
patient_05,243,270.0,268.5387966144889,1.4612033855111122,0.15096615755745102,2.386210236765268
patient_05,244,45.0,40.3508051974613,4.649194802538716,0.15198873641472144,2.415328835501443
patient_05,245,180.0,183.85632863845615,3.856328638456148,0.14419222660657738,2.5471938754158097
patient_05,246,315.0,312.47042103159623,2.5295789684037686,0.16008375216153592,2.473004518850683
patient_05,247,180.0,181.95442149191624,1.9544214919162357,0.15468223208954868,2.35543523060716
patient_05,248,270.0,273.0606936394537,3.0606936394536888,0.16135968313914795,2.375536870196578
patient_05,249,315.0,318.4760801070334,3.476080107033397,0.16754488909829757,2.301281956171151
patient_05,250,315.0,315.21456335260217,0.21456335260216974,0.16704918770381205,2.260482784830885
patient_05,251,135.0,130.9444770212049,4.055522978795096,0.15824447691031818,2.220244526092213
patient_05,252,90.0,89.76537046960243,0.2346295303975694,0.170524738381709,2.0459492560120665
patient_05,253,45.0,43.59338550963945,1.406614490360539,0.17028692345864282,2.1582751923439925
patient_05,254,315.0,316.4794008822882,1.4794008822881892,0.168905658539118,2.2148432245875878
patient_05,255,90.0,79.32922095576477,10.670779044235246,0.17199367299424484,2.244152168265609
patient_05,256,315.0,317.34159055658023,2.341590556580229,0.1636911984267897,2.3626236974515527
patient_05,257,315.0,308.8129052134753,6.18709478652471,0.18074401222892433,2.4417647854075293
patient_05,258,225.0,219.1046083871791,5.895391612820902,0.15970403043345538,2.423251135962801
patient_05,259,0.0,7.0780230614220345,7.078023061422044,0.18583437794511948,2.4639891403932324
patient_05,260,135.0,133.87871803153692,1.1212819684630801,0.16766657229769955,2.4973467875631727
patient_05,261,180.0,182.96932910489537,2.9693291048953654,0.15423920765378707,2.477197002859387
patient_05,262,225.0,220.2764482870993,4.723551712900701,0.1487154286046728,2.4546473983390253
patient_05,263,180.0,182.0474752134074,2.0474752134074095,0.1486791237019931,2.5958957713613597
patient_05,264,225.0,225.56571416313815,0.5657141631381535,0.1443435564286073,2.4488762997561317
patient_05,265,225.0,224.8259604145218,0.17403958547819798,0.15268013431418126,2.550748477973796
patient_05,266,315.0,324.7630437780076,9.763043778007614,0.15540214336060743,2.603220380477488
patient_05,267,90.0,84.7837126141263,5.216287385873699,0.1451142083007424,2.743337895884354
patient_05,268,315.0,318.7976440130098,3.7976440130098013,0.1602921588055013,2.8761830335504484
patient_05,269,90.0,80.14841670189745,9.851583298102554,0.16243364358014745,2.951920501152247
patient_05,270,0.0,357.61487915573326,2.385120844266794,0.1660230347996885,3.0194028620574405
patient_05,271,180.0,178.0646670900714,1.9353329099286043,0.1684113464626975,3.043003539367695
patient_05,272,270.0,263.6282113660324,6.371788633967583,0.17946128395686767,2.827969470868086
patient_05,273,270.0,265.7113825476076,4.288617452392373,0.17264373506304853,2.9265734963849446
patient_05,274,180.0,180.60926917639497,0.6092691763949745,0.15635559891626372,2.9463925954668198
patient_05,275,270.0,261.2469708462475,8.753029153752493,0.15747162044695262,2.8968879492614423
patient_05,276,0.0,355.8173752929786,4.182624707021432,0.15861432711281065,2.8744609658112634
patient_05,277,45.0,42.713883812542335,2.286116187457651,0.167815404210641,2.7075882343053035
patient_05,278,225.0,221.324603998817,3.675396001183003,0.18014502209699668,2.817959933763827
patient_05,279,225.0,227.93958393005704,2.93958393005704,0.16373267978131878,2.809653921205121
patient_05,280,225.0,220.80164824214424,4.198351757855761,0.16538483524112735,2.6748514864062436
patient_05,281,135.0,129.21471849738774,5.785281502612264,0.1417489977624813,2.6526901876020057
patient_05,282,225.0,218.34133399276988,6.658666007230124,0.1395300206544352,2.779613884764356
patient_05,283,315.0,312.85012901686054,2.149870983139465,0.15431439590185914,2.67923672526077
patient_05,284,0.0,6.647384759442976,6.647384759442986,0.17165797487686785,2.508624667874524
patient_05,285,270.0,268.8604268582242,1.139573141775827,0.17983184760216542,2.559145674257764
patient_05,286,0.0,2.0750622774241214,2.0750622774241094,0.1998190564958371,2.4675237531977636
patient_05,287,45.0,45.47468285363325,0.47468285363325435,0.2121662925331842,2.296681818142961
patient_05,288,225.0,219.83121018704634,5.168789812953662,0.2353593475251312,2.1871623721744498
patient_05,289,315.0,317.3536367418044,2.3536367418043938,0.2583031755338183,2.3012649095536175
patient_05,290,180.0,186.1880306596234,6.188030659623394,0.26323449639954966,2.348555146485249
patient_05,291,315.0,312.0978571960335,2.9021428039665125,0.28628654002162435,2.246328281754919
patient_05,292,225.0,218.89963861878257,6.100361381217425,0.27366144564302974,2.4523418843122013
patient_05,293,315.0,314.33306958808316,0.6669304119168373,0.26912077401074974,2.532034599439188
patient_05,294,315.0,316.05242848061135,1.0524284806113542,0.2978879042329181,2.6727711606428732
patient_05,295,0.0,7.1224497540412655,7.12244975404127,0.32759117072863386,2.7375877864478415
patient_05,296,45.0,42.96575608136849,2.0342439186315175,0.3027115502143003,2.6956213823646684
patient_05,297,270.0,267.2002734721269,2.7997265278730765,0.32184661639841305,2.5578457539661317
patient_05,298,45.0,47.32105277458609,2.321052774586093,0.30108527990635103,2.3948718983190194
patient_05,299,270.0,262.09450640653654,7.905493593463461,0.2992540588568051,2.3073832138672934
patient_06,0,315.0,323.33642644641185,8.33642644641185,,0.2605836145683177
patient_06,1,135.0,138.51614413046877,3.516144130468774,,0.4114757569592658
patient_06,2,90.0,99.20788535763423,9.207885357634211,,0.5168536465157899
patient_06,3,135.0,140.31026052710183,5.310260527101832,,0.5908686739396194
patient_06,4,45.0,43.06163284372525,1.9383671562747509,,0.8436660315393623
patient_06,5,0.0,350.9709649430176,9.029035056982366,,1.0856049994550419
patient_06,6,135.0,139.42311753790574,4.423117537905739,,0.9404018481907932
patient_06,7,45.0,46.48568866355368,1.485688663553674,,0.8389162819324183
patient_06,8,180.0,183.89894510830675,3.898945108306748,,0.8232167147541293
patient_06,9,45.0,46.75893314932766,1.7589331493276745,,1.0304948980941955
patient_06,10,180.0,169.86681539947799,10.133184600522014,,1.204183664173006
patient_06,11,225.0,220.8535504580651,4.146449541934913,,1.2202054914294467
patient_06,12,270.0,273.0076941726993,3.0076941726993027,,1.0211532756213058
patient_06,13,270.0,279.42508386063946,9.425083860639461,,0.9646643686866614
patient_06,14,90.0,95.10944866594728,5.109448665947298,,0.9946622068729628
patient_06,15,225.0,224.85879950863435,0.14120049136565171,,1.103498436904264
patient_06,16,135.0,141.10283775267004,6.102837752670041,,1.0647633008515587
patient_06,17,270.0,278.558212280044,8.558212280044017,,0.804760341342576
patient_06,18,315.0,316.4807138034318,1.4807138034317973,,0.7510201674284507
patient_06,19,315.0,312.7211204480716,2.278879551928412,,0.896758790893044
patient_06,20,0.0,1.7732299472666957,1.7732299472666853,,0.8937520881068041
patient_06,21,45.0,46.34949973429636,1.3494997342963586,,0.7664997762102944
patient_06,22,45.0,47.84103536341848,2.8410353634184844,,0.9258077531106663
patient_06,23,45.0,42.86988305968855,2.1301169403114386,,1.04781896942484
patient_06,24,270.0,276.4709348872151,6.470934887215094,,1.2166913131390271
patient_06,25,90.0,95.26988387379788,5.26988387379788,,1.2391794429140413
patient_06,26,90.0,95.30466932032519,5.304669320325189,,1.3016817688754865
patient_06,27,90.0,92.51848409500761,2.518484095007608,,1.2879448088332506
patient_06,28,315.0,321.27291617982144,6.272916179821436,,1.4626250877779856
patient_06,29,90.0,96.84469109955451,6.844691099554495,,1.4558644041930089
patient_06,30,270.0,274.2596981867916,4.2596981867915815,,1.8007699482576265
patient_06,31,180.0,180.40300253826598,0.4030025382659801,,1.6357906405780178
patient_06,32,270.0,270.90235719489965,0.9023571948996505,,1.7833218398073236
patient_06,33,135.0,140.30475963439775,5.3047596343977546,,1.8439485585459252
patient_06,34,0.0,358.65329332342196,1.3467066765780373,,1.8687692095605513
patient_06,35,135.0,136.51299614601382,1.512996146013819,,1.6262543759740011
patient_06,36,0.0,350.3146223748063,9.685377625193723,,1.6471896464266633
patient_06,37,0.0,353.50199661956316,6.498003380436785,,2.0370911778227168
patient_06,38,90.0,92.38155808988931,2.3815580898893245,,2.0478641016416868
patient_06,39,270.0,273.1540992922952,3.1540992922952,,2.1828200354426324
patient_06,40,135.0,134.90056059429898,0.09943940570101972,,2.3055106916834043
patient_06,41,270.0,270.8300615255002,0.8300615255001844,,2.3542127442021226
patient_06,42,180.0,180.61464896965393,0.6146489696539277,,2.1911688494829735
patient_06,43,45.0,40.58609578541229,4.413904214587717,,2.3989866882701603
patient_06,44,45.0,41.415931285504016,3.58406871449597,,2.1840611801833787
patient_06,45,225.0,231.0513729858619,6.051372985861889,,2.129701959549976
patient_06,46,315.0,317.42933304252153,2.4293330425215345,,1.943616317105112
patient_06,47,180.0,181.76357244336543,1.7635724433654332,,2.0691822687789823
patient_06,48,315.0,323.16020730531534,8.160207305315339,,2.012456263390734
patient_06,49,180.0,172.3462089879506,7.653791012049396,,2.018500603849848
patient_06,50,0.0,357.66261415983195,2.3373858401680536,,2.2116423122194737
patient_06,51,90.0,95.72214678446038,5.722146784460392,,2.4037754170151606
patient_06,52,225.0,220.64467303199882,4.3553269680011795,,2.8950876079895185
patient_06,53,0.0,351.8535152203433,8.146484779656703,,2.484141153959534
patient_06,54,315.0,324.43063179007146,9.430631790071459,,2.8225611637753403
patient_06,55,90.0,91.81438764602407,1.8143876460240733,,2.5658258838918067
patient_06,56,90.0,82.92222652769033,7.077773472309673,,2.5135695917081344
patient_06,57,135.0,140.22475085754778,5.224750857547775,,2.4511631840905412
patient_06,58,225.0,216.07438241862116,8.925617581378845,,2.5788911154072585
patient_06,59,45.0,45.28804372721067,0.2880437272106633,,2.7747358223391387
patient_06,60,90.0,93.61357370362268,3.613573703622677,,2.8156046253779294
patient_06,61,270.0,274.01112562449265,4.011125624492649,,2.806697845862118
patient_06,62,90.0,93.65750876891494,3.657508768914937,,2.8239501403092127
patient_06,63,180.0,172.2253447748056,7.774655225194408,,2.8609607271701982
patient_06,64,0.0,355.03555850467075,4.964441495329311,,2.8641077583948364
patient_06,65,225.0,216.0992455378833,8.900754462116709,,2.721297185683167
patient_06,66,180.0,172.52068592723833,7.479314072761667,,2.6222388247195214
patient_06,67,90.0,96.41308403709137,6.41308403709138,,2.6830792000682417
patient_06,68,225.0,213.7537807363743,11.246219263625704,,2.702767763166843
patient_06,69,90.0,101.0927160963562,11.092716096356185,,2.8942949934552744
patient_06,70,135.0,138.74829676461314,3.748296764613144,,3.1072746326737652
patient_06,71,90.0,95.0790176238323,5.0790176238323,,3.235342632757692
patient_06,72,90.0,93.70073479439213,3.700734794392133,,3.4163368513679337
patient_06,73,180.0,176.95604888589946,3.043951114100537,,3.627090171164556
patient_06,74,315.0,320.28465170101316,5.284651701013161,,3.3554170755382042
patient_06,75,180.0,176.20017964151427,3.799820358485732,,3.4315835618063546
patient_06,76,315.0,320.9896165392679,5.9896165392678995,,3.4896138564948638
patient_06,77,180.0,175.80331999654598,4.19668000345402,,3.437914978703667
patient_06,78,180.0,175.64902973873689,4.3509702612631145,,3.1401547353801584
patient_06,79,225.0,216.59476499579972,8.405235004200279,,3.1684451006074505
patient_06,80,0.0,355.7433280266371,4.256671973362927,,3.4817271968501786
patient_06,81,135.0,139.51866524792916,4.518665247929164,,3.3358329977371093
patient_06,82,180.0,172.07378398426576,7.926216015734241,,3.5694750734180642
patient_06,83,225.0,226.18078691808407,1.1807869180840669,,3.6106771722869553
patient_06,84,0.0,0.5011281592297785,0.5011281592297792,,3.6056128819371898
patient_06,85,90.0,91.94764038411695,1.9476403841169372,,3.756925680659121
patient_06,86,90.0,98.19833062407751,8.198330624077528,,3.7270304888019967
patient_06,87,225.0,218.2607076861094,6.739292313890587,,3.7451125610200564
patient_06,88,0.0,350.3440907808606,9.655909219139403,,3.770851954037969
patient_06,89,180.0,172.03741711551623,7.962582884483766,,3.3876615425660557
patient_06,90,225.0,216.8049393856139,8.195060614386108,,3.5224484529907625
patient_06,91,45.0,46.63655556646148,1.6365555664614817,,3.289538456974655
patient_06,92,315.0,321.92495497184785,6.924954971847853,,3.1496234442066804
patient_06,93,270.0,280.92162597413255,10.921625974132553,,3.270081062996031
patient_06,94,180.0,171.4496844152721,8.550315584727912,,3.276071515143979
patient_06,95,0.0,352.13020220522395,7.869797794776105,,3.360636590538586
patient_06,96,225.0,216.45462044435558,8.545379555644416,,3.4946241052414253
patient_06,97,225.0,226.81348946496527,1.8134894649652722,,3.614826068110082
patient_06,98,45.0,44.485430966584396,0.5145690334155972,,3.7075279483081776
patient_06,99,270.0,285.4512187207524,15.451218720752422,,3.889938168011897
patient_06,100,225.0,224.2064860956329,0.7935139043671029,,4.000586386698632
patient_06,101,225.0,221.22425147585645,3.7757485241435518,,4.224656305083822
patient_06,102,90.0,94.9067659176197,4.90676591761968,,3.9736492684818585
patient_06,103,225.0,216.99966531985007,8.000334680149933,,3.703693104526437
patient_06,104,180.0,178.23352300206753,1.7664769979324717,,3.6074830272477603
patient_06,105,45.0,38.47963528804993,6.520364711950066,,3.59343535851212
patient_06,106,90.0,97.3019445973153,7.301944597315298,,3.2753802981740097
patient_06,107,45.0,38.88308959238084,6.116910407619173,,3.7421013542088257
patient_06,108,45.0,44.732203013790205,0.2677969862097882,,3.8738319393917013
patient_06,109,90.0,97.08801495137733,7.088014951377318,0.2247171886397581,4.057292342101745
patient_06,110,135.0,131.60786679247568,3.3921332075243242,0.2298481922872524,4.220512037613727
patient_06,111,45.0,37.099963665988035,7.900036334011958,0.23373651956598618,4.182480903578881
patient_06,112,90.0,93.86796471472411,3.86796471472411,0.2365249339288722,4.052660964360452
patient_06,113,90.0,91.68344722760293,1.683447227602926,0.21898553041126867,4.106532074824281
patient_06,114,225.0,218.5253381651567,6.474661834843289,0.24832060095335962,4.086693667113014
patient_06,115,270.0,268.1023485581544,1.8976514418455963,0.23563398475090036,3.890096404928537
patient_06,116,135.0,139.26911706307413,4.269117063074134,0.2268971139235827,3.9399200657924305
patient_06,117,135.0,135.85816260439495,0.8581626043949484,0.2318448799959656,3.8501431336348233
patient_06,118,0.0,357.80435048811546,2.1956495118845396,0.2138240876388764,3.9671517951790207
patient_06,119,45.0,40.094861826815894,4.905138173184099,0.21284418347635992,4.2292884659675
patient_06,120,315.0,322.43307317150254,7.433073171502542,0.18644884037315013,4.296277197452657
patient_06,121,90.0,93.62533029171176,3.625330291711748,0.1908369845981479,4.314183612029719
patient_06,122,45.0,37.47151258186055,7.528487418139434,0.18519695847921636,4.476729460297662
patient_06,123,0.0,1.0765753449179085,1.0765753449178987,0.17994707836318735,4.7697654341750475
patient_06,124,225.0,224.9846828840976,0.015317115902405476,0.2029801433040488,4.799611265927593
patient_06,125,180.0,169.8063530813257,10.19364691867429,0.20650149992175493,4.612368455145765
patient_06,126,135.0,141.46680500471672,6.4668050047167185,0.21563028890821068,4.575317519306443
patient_06,127,90.0,100.46695961396034,10.466959613960341,0.20798863076491347,4.29847332889346
patient_06,128,90.0,89.21175870039978,0.7882412996002017,0.1917619658158185,4.23824256178351
patient_06,129,270.0,276.38410924029046,6.3841092402904565,0.18559518232017158,4.701370219384225
patient_06,130,270.0,269.1775054420651,0.8224945579348741,0.18399329976299583,4.720995966159599
patient_06,131,180.0,181.76422645214933,1.7642264521493303,0.1900814207070871,4.208797658864952
patient_06,132,270.0,273.27028963524066,3.2702896352406583,0.19134818577677137,3.8067287239022174
patient_06,133,135.0,144.55375593613817,9.553755936138174,0.1823013887484377,3.5602752454443793
patient_06,134,225.0,219.80469043083642,5.195309569163584,0.19582315460571076,3.420265200234548
patient_06,135,270.0,273.13524158067213,3.1352415806721297,0.19400118400186805,3.2623647828336577
patient_06,136,90.0,92.66544726411635,2.6654472641163522,0.1954851647079474,3.08097742047221
patient_06,137,135.0,136.4813439158034,1.481343915803393,0.1885943455758694,3.3441755683060705
patient_06,138,0.0,352.76150112315105,7.2384988768490075,0.19848872248833516,3.361036413027918
patient_06,139,0.0,355.96550913428507,4.034490865714929,0.18408134865484405,3.4922073917569953
patient_06,140,135.0,141.20060864884206,6.2006086488420635,0.1741535480444676,3.4995842531109282
patient_06,141,90.0,95.24960456743896,5.249604567438951,0.18664135677376859,3.5229613251580165
patient_06,142,315.0,318.1513163662844,3.151316366284391,0.19570854541503557,3.3823315439481303
patient_06,143,225.0,216.88262469742284,8.117375302577159,0.20241457643187033,3.2875882289402005
patient_06,144,225.0,215.6177506093266,9.382249390673394,0.20336998945039308,3.4285075216693937
patient_06,145,90.0,98.8068918295593,8.806891829559305,0.20818500846592158,3.5474308691081493
patient_06,146,45.0,40.7584779420569,4.241522057943087,0.19353956810756223,3.609841732371048
patient_06,147,0.0,355.533948086169,4.466051913831052,0.18946705671468944,3.4241268238391678
patient_06,148,270.0,277.49059721574577,7.490597215745765,0.18071521436548732,3.348456706967278
patient_06,149,0.0,350.35957683025293,9.64042316974701,0.1791809578636867,3.3379626684888395
patient_06,150,135.0,139.0516764570162,4.051676457016214,0.17687405149425217,2.986775464906941
patient_06,151,90.0,90.03120872959131,0.031208729591298834,0.1745252287645611,3.1224764228437847
patient_06,152,0.0,353.17671645809554,6.823283541904402,0.15682681836085033,3.2891884570519134
patient_06,153,45.0,42.84402359321087,2.1559764067891365,0.16317234945311432,3.6356290654135908
patient_06,154,180.0,171.8488588189627,8.151141181037303,0.160568897484072,3.4783338298761146
patient_06,155,0.0,358.147812562286,1.8521874377140648,0.15482801576031635,3.5225224438512486
patient_06,156,315.0,320.73902935043594,5.739029350435942,0.14429574533295852,3.4136846890046404
patient_06,157,135.0,141.3721867264228,6.372186726422797,0.14104914268171598,3.4422183888358315
patient_06,158,225.0,217.6250889067391,7.3749110932608914,0.1326195943801709,3.6581662090151257
patient_06,159,315.0,320.30634186836403,5.306341868364029,0.1171764457184361,3.8963279228527345
patient_06,160,180.0,171.03021501694417,8.969784983055831,0.12661982354635892,3.8175269181228075
patient_06,161,90.0,87.4973732834164,2.5026267165836202,0.12471607841967725,3.6493489917036
patient_06,162,45.0,40.46405687742794,4.535943122572064,0.12896856048174232,3.5795431516377354
patient_06,163,315.0,316.84459939742345,1.8445993974234511,0.13114906057622377,3.796245374037448
patient_06,164,135.0,136.1374736627726,1.1374736627726065,0.14333856001274814,4.055816317260465
patient_06,165,0.0,352.0716529212019,7.928347078798083,0.14758264931701426,4.25405863568202
patient_06,166,45.0,44.672200502542125,0.3277994974578746,0.14620311426628252,3.876073582322321
patient_06,167,90.0,92.23064113741802,2.2306411374180186,0.1564189319912579,3.6911303360279692
patient_06,168,90.0,94.44495011635317,4.444950116353169,0.15155745616729455,3.8460559034042174
patient_06,169,90.0,94.24222409960416,4.242224099604158,0.1535607457494903,4.362724056146172
patient_06,170,0.0,350.02234963009886,9.977650369901085,0.16686996259577125,4.430494186584822
patient_06,171,225.0,212.9691310099559,12.030868990044098,0.15576867637373848,4.163836091528667
patient_06,172,225.0,217.50048389997923,7.49951610002077,0.16044164704796415,4.286205823090855
patient_06,173,315.0,320.7068215207799,5.706821520779897,0.16220534200327297,4.305586424885732
patient_06,174,135.0,134.50410880759534,0.49589119240465607,0.15734749654019353,4.235207387951844
patient_06,175,315.0,315.44842437472215,0.44842437472215124,0.15440336680842837,4.278552359310133
patient_06,176,0.0,350.93581312978597,9.06418687021403,0.15812888566970784,4.497576238576788
patient_06,177,270.0,271.27107771564454,1.2710777156445374,0.15876197603297015,4.505228686539553
patient_06,178,135.0,138.49389151863497,3.4938915186349675,0.16977188806337562,4.405995613854041
patient_06,179,315.0,319.73676235373284,4.736762353732843,0.1638926278947599,4.068504658013579
patient_06,180,45.0,44.19553716359615,0.8044628364038431,0.17127319706524347,4.123578313892628
patient_06,181,0.0,353.7455438655525,6.254456134447537,0.17943604459317708,4.1697086587322625
patient_06,182,45.0,32.852032786239626,12.147967213760381,0.19254351701101768,4.543687964562411
patient_06,183,315.0,320.7164104684346,5.716410468434617,0.18567079890509852,4.485093889346595
patient_06,184,315.0,320.82607936065614,5.826079360656138,0.21196373570477256,4.3407527144303435
patient_06,185,315.0,311.6869075313574,3.313092468642594,0.23255895902405932,4.254024881700978
patient_06,186,225.0,218.3422965432462,6.657703456753808,0.2183353170738167,4.141203879043007
patient_06,187,45.0,40.68180963221709,4.318190367782904,0.23277518883514592,4.2203450876330875
patient_06,188,180.0,176.13766407196516,3.862335928034838,0.21405860715607616,4.022702775854409
patient_06,189,270.0,274.2663465522375,4.266346552237508,0.2037201408287661,4.00966272657923
patient_06,190,45.0,36.92547512719243,8.074524872807558,0.21173025677251545,3.872868273289593
patient_06,191,45.0,40.852106501415726,4.147893498584267,0.2134447785218283,3.604489837153757
patient_06,192,90.0,88.43256900065846,1.567430999341525,0.20905233234979548,3.66126358535959
patient_06,193,90.0,101.64992923422679,11.64992923422679,0.2192628510600585,3.5879260540650577
patient_06,194,270.0,266.85056625090306,3.149433749096943,0.23531666064446544,3.4895153162441552
patient_06,195,45.0,36.54822056258602,8.45177943741399,0.24055499418102855,3.548334923875659
patient_06,196,0.0,349.34958790695043,10.650412093049567,0.23625012426226766,3.6112692799876718
patient_06,197,90.0,86.96864712366366,3.031352876336342,0.22005603467906543,3.5106654140533724
patient_06,198,0.0,352.8036827104021,7.196317289597914,0.22854467799744338,3.5255051161662676
patient_06,199,90.0,80.95874692353384,9.041253076466148,0.2186044525498798,3.6944525733335167
patient_06,200,180.0,174.64565759437335,5.354342405626653,0.21884684895662643,4.105977122103845
patient_06,201,90.0,80.45704684395528,9.542953156044717,0.21344744368475377,3.75445152685556
patient_06,202,135.0,135.1389191992371,0.13891919923710816,0.20045630814376203,3.7644900825619017
patient_06,203,135.0,137.92884540644567,2.9288454064456744,0.19243250306283244,3.5715283605806256
patient_06,204,225.0,217.3548984365633,7.645101563436697,0.196441219866462,3.3761766264612687
patient_06,205,90.0,82.1128451571769,7.887154842823094,0.20267110146367173,3.2739985260171514
patient_06,206,180.0,174.87716415744922,5.122835842550785,0.19062958248621875,3.7358550196801428
patient_06,207,180.0,171.32833793963528,8.671662060364724,0.18573991446976645,3.832983359680659
patient_06,208,270.0,270.32498178497735,0.3249817849773535,0.18967273628872583,4.206815415107344
patient_06,209,0.0,347.98256679720197,12.017433202797974,0.19218094054709578,4.194505379096012
patient_06,210,225.0,219.80693093727547,5.193069062724533,0.18795753442593544,4.069066989228973
patient_06,211,270.0,268.43606699559825,1.563933004401747,0.19157771087016506,3.975517929778203
patient_06,212,0.0,352.6426435552488,7.35735644475119,0.19456358154008768,4.158083213202102
patient_06,213,0.0,352.11524532862245,7.88475467137755,0.1880843509972392,4.171596371562552
patient_06,214,135.0,136.85775543098802,1.8577554309880213,0.18352425376664794,3.9821248739398682
patient_06,215,135.0,136.97288506728248,1.9728850672824763,0.1747281775008993,3.821444051504553
patient_06,216,45.0,37.17927621462792,7.820723785372081,0.18049962805977326,3.6555483813432295
patient_06,217,0.0,354.83343711668925,5.166562883310689,0.17051293939201884,3.886006417989175
patient_06,218,0.0,349.41857222044615,10.581427779553906,0.18691710826558072,4.014295744255399
patient_06,219,135.0,138.76725103385368,3.7672510338536824,0.1946494538826533,4.17431133408114
patient_06,220,315.0,316.7059710930812,1.7059710930811889,0.19609828097903215,4.164605478841145
patient_06,221,315.0,310.79827009747027,4.201729902529735,0.2076124479002175,4.258419601385563
patient_06,222,45.0,34.40967565828078,10.590324341719224,0.22103104555607445,4.298370920486028
patient_06,223,315.0,313.0137819198594,1.9862180801405884,0.20513510415285374,4.597799349061066
patient_06,224,270.0,263.87541224944016,6.12458775055984,0.21468179168813784,4.587897341399728
patient_06,225,0.0,349.866421054932,10.133578945067939,0.2092010698399407,4.518027714174835
patient_06,226,135.0,130.32889991662552,4.671100083374483,0.19037318699555916,4.49547752193422
patient_06,227,90.0,89.45589467174202,0.5441053282579844,0.20545484749870635,4.367266361520834
patient_06,228,90.0,96.89852267446302,6.898522674463038,0.21099830874494963,4.371528787475709
patient_06,229,315.0,314.2078384288674,0.792161571132624,0.21293414195281812,4.621293795918037
patient_06,230,0.0,355.9032955412743,4.096704458725753,0.22286690756099947,4.978957523883809
patient_06,231,0.0,354.05158469425885,5.94841530574115,0.22331801106129312,4.714771398519564
patient_06,232,45.0,41.182581907485954,3.8174180925140604,0.22732882395003973,4.843653079581991
patient_06,233,225.0,211.11259302837456,13.887406971625438,0.22069563052334118,4.6709972528105705
patient_06,234,225.0,212.86816819044506,12.131831809554939,0.2039243198629226,4.791833816265209
patient_06,235,180.0,180.89072961577853,0.8907296157785254,0.19787782929681086,4.524150165740239
patient_06,236,0.0,353.25884201520523,6.741157984794768,0.20715194345944,4.66864354990769
patient_06,237,225.0,219.17091268282294,5.829087317177056,0.19380792573826522,4.913304485938637
patient_06,238,0.0,354.1765599986,5.8234400014000585,0.20138621385171263,4.571091098358748
patient_06,239,270.0,263.85297587530226,6.147024124697737,0.20752868770898836,4.685006904037303
patient_06,240,225.0,229.9054191437039,4.905419143703909,0.20640836792229678,4.631469583259367
patient_06,241,180.0,176.3775153672887,3.6224846327112914,0.20442400361480217,4.893033611734147
patient_06,242,315.0,317.76773754407543,2.7677375440754304,0.21018291476217676,4.922057587008632
patient_06,243,90.0,94.49025027126407,4.490250271264074,0.20991873656041626,4.524001452406667
patient_06,244,225.0,218.92266890820378,6.077331091796225,0.21844557388615105,4.456046678349297
patient_06,245,90.0,95.9384737336595,5.938473733659521,0.21914574445662716,4.425156891851868
patient_06,246,90.0,78.1588725286533,11.841127471346681,0.2174451210794972,4.359203740226751
patient_06,247,315.0,308.6544852742694,6.345514725730595,0.22538206095028812,4.415196985346656
patient_06,248,90.0,84.39033534259784,5.609664657402163,0.21297300861650914,4.2132816283891
patient_06,249,0.0,352.3550105536387,7.644989446361251,0.22971222251946521,4.284448056911472
patient_06,250,90.0,87.82493647048635,2.1750635295136362,0.2220676194487483,4.261926818967605
patient_06,251,90.0,86.23875386326543,3.76124613673457,0.22486927053412753,4.639611919296822
patient_06,252,315.0,311.3787398866556,3.6212601133444196,0.23786885935125213,5.063628602268885
patient_06,253,0.0,350.37349481861946,9.62650518138048,0.2524002812182955,5.011626325904292
patient_06,254,0.0,345.65640211728976,14.343597882710242,0.2631426807397883,4.94633724359355
patient_06,255,135.0,131.35878861561656,3.641211384383439,0.25673404000519007,4.686954560764919
patient_06,256,180.0,175.97086281742426,4.029137182575738,0.2687380609275527,5.034708819333575
patient_06,257,135.0,134.31367790548762,0.6863220945123771,0.2777298378403872,5.263718163215255
patient_06,258,0.0,349.0574642373972,10.942535762602802,0.28564631232891813,5.0732677894364535
patient_06,259,270.0,278.0116441022154,8.011644102215428,0.2709617958317567,5.22751092379391
patient_06,260,180.0,169.37635114853208,10.62364885146792,0.26276414068824927,4.99211581006364
patient_06,261,270.0,275.8652511401132,5.865251140113173,0.25863107348622716,4.7220927322299655
patient_06,262,225.0,211.2846669482851,13.715333051714907,0.2353040172933918,4.693482547053098
patient_06,263,45.0,38.6266213683224,6.37337863167761,0.22667201129338999,4.9605608787813384
patient_06,264,90.0,89.10303897707813,0.8969610229218574,0.2374602018763179,5.110694573413953
patient_06,265,135.0,131.43478486403978,3.5652151359602158,0.23149285630671024,5.12509435961092
patient_06,266,315.0,311.97626609398975,3.02373390601025,0.2188845637997936,5.262506242840246
patient_06,267,135.0,139.43236221113776,4.432362211137757,0.21693770241376242,5.247507493447355
patient_06,268,270.0,268.14146386840855,1.8585361315914497,0.22418615728881797,5.403065604276277
patient_06,269,225.0,218.5067054687927,6.493294531207312,0.21599630395321512,5.2411037731437
patient_06,270,180.0,173.3265682077912,6.673431792208788,0.21215339912631226,4.928431056636871
patient_06,271,315.0,314.39538088304704,0.6046191169529607,0.21429429357634167,5.068073859893809
patient_06,272,270.0,277.34777634757654,7.347776347576541,0.22294980356664684,5.078647050447902
patient_06,273,135.0,138.6255221447508,3.6255221447507893,0.2127548533199306,5.539355799065854
patient_06,274,45.0,37.158514789676836,7.841485210323157,0.22489428376889542,5.596997673162441
patient_06,275,225.0,218.40516816531604,6.5948318346839585,0.22806309627048638,5.703417161581438
patient_06,276,180.0,171.63211939009452,8.367880609905484,0.22871743364402164,5.777242819596466
patient_06,277,45.0,40.097017130796374,4.90298286920364,0.21907479812460906,5.87723148852181
patient_06,278,270.0,262.96247887213855,7.037521127861453,0.2303541475601092,6.123324883595934
patient_06,279,180.0,171.72377347070935,8.276226529290653,0.22648658409426847,6.090627177551765
patient_06,280,0.0,356.0989453768943,3.901054623105665,0.21568531494475884,5.934311318395343
patient_06,281,180.0,170.67273030734407,9.327269692655932,0.21638164247645708,6.012171361554797
patient_06,282,225.0,219.59021141484368,5.4097885851563206,0.2271710646736329,6.302366430562817
patient_06,283,270.0,268.52702309750373,1.4729769024962707,0.2231839412341765,6.238433706681224
patient_06,284,90.0,87.60806815758448,2.3919318424155165,0.2182406525054077,6.2239292136410365
patient_06,285,135.0,129.88917111612375,5.110828883876252,0.21918880874013524,6.3076885970437555
patient_06,286,315.0,312.9694591177706,2.0305408822293884,0.22367355119132704,6.36634680441259
patient_06,287,0.0,356.7193356143413,3.2806643856587243,0.2137573382351894,6.427101852656256
patient_06,288,225.0,215.77549582207817,9.22450417792183,0.2367076688244092,6.7399139143345
patient_06,289,135.0,140.84691102672838,5.846911026728378,0.2178495733107484,6.915552471625767
patient_06,290,225.0,206.91892289656838,18.081077103431625,0.22398752920609866,7.045670895231535
patient_06,291,45.0,34.42800781656979,10.571992183430211,0.22065530708765202,6.843406077004917
patient_06,292,135.0,138.27215983984323,3.2721598398432263,0.21968339601222908,6.76211628254593
patient_06,293,270.0,263.59195952077346,6.408040479226543,0.22006675813014986,6.558484626131496
patient_06,294,45.0,34.061080155959566,10.938919844040441,0.20415925261387002,6.3986908309165615
patient_06,295,315.0,304.76190269063216,10.238097309367845,0.20618924281737794,6.2472041029085865
patient_06,296,135.0,127.88484172834366,7.115158271656355,0.21167966816085926,6.304853635626024
patient_06,297,45.0,34.745606193581246,10.254393806418761,0.2001381697432869,6.564266355862821
patient_06,298,225.0,214.7024921068117,10.29750789318831,0.2176010433217197,6.4806840861459705
patient_06,299,180.0,175.95086823386947,4.049131766130529,0.2258519357588602,6.41437791925957
patient_07,0,315.0,317.43545008312594,2.435450083125943,,0.38778047305820346
patient_07,1,225.0,231.28215359953,6.282153599530005,,1.1684563477419996
patient_07,2,135.0,127.83089789246209,7.169102107537924,,1.001745046916397
patient_07,3,0.0,1.0246110755770343,1.0246110755770417,,0.7789077325596566
patient_07,4,135.0,130.07730524376782,4.9226947562321755,,1.282557897569971
patient_07,5,90.0,84.86680624129342,5.133193758706568,,1.625492597959705
patient_07,6,0.0,2.0966310991154127,2.096631099115399,,1.7468644108362432
patient_07,7,180.0,176.94314988803742,3.056850111962575,,2.2397521008773023
patient_07,8,270.0,272.85205172960355,2.852051729603545,,2.5510671955870707
patient_07,9,315.0,315.7674376528389,0.7674376528389075,,2.21121939471489
patient_07,10,45.0,51.453201065518854,6.45320106551884,,2.2657112961285653
patient_07,11,0.0,1.9529327069005462,1.9529327069005546,,2.1440671674369676
patient_07,12,270.0,268.4775632455378,1.5224367544622055,,2.479463472484114
patient_07,13,0.0,4.55934906446636,4.559349064466346,,2.971610753648977
patient_07,14,45.0,52.023290981139134,7.023290981139127,,3.0268286842559915
patient_07,15,315.0,314.7690030986338,0.2309969013662112,,2.625471938006374
patient_07,16,225.0,227.42186719763254,2.4218671976325368,,2.774448819810267
patient_07,17,45.0,43.380054515923256,1.6199454840767373,,2.751472970569962
patient_07,18,0.0,4.174483145913963,4.1744831459139675,,2.6663521253804032
patient_07,19,180.0,180.2442502696953,0.24425026969529995,,3.064152984065692
patient_07,20,180.0,179.57156434129251,0.42843565870748535,,3.1395977329979
patient_07,21,135.0,136.4883454455312,1.4883454455311949,,3.4062391791729647
patient_07,22,180.0,182.2630772864062,2.263077286406201,,3.0569044436822144
patient_07,23,135.0,134.42255286850516,0.5774471314948357,,3.2053614993765835
patient_07,24,180.0,178.09557336640597,1.9044266335940279,,2.8099878640204503
patient_07,25,90.0,89.54072869713096,0.45927130286904116,,2.3904764636420555
patient_07,26,135.0,133.28455007181873,1.7154499281812718,,1.9873619188569738
patient_07,27,45.0,42.12197718400619,2.878022815993802,,1.6976865897586122
patient_07,28,270.0,270.65340918560145,0.653409185601447,,1.9545469262771449
patient_07,29,315.0,312.92496177410646,2.075038225893536,,2.0426764098053374
patient_07,30,0.0,354.4923998488807,5.507600151119277,,2.50860706147291
patient_07,31,90.0,86.78063073341329,3.2193692665867104,,2.5059888260386374
patient_07,32,270.0,270.4337040687367,0.433704068736688,,2.5920833673096633
patient_07,33,90.0,89.25894397148191,0.7410560285180736,,2.8829072115838486
patient_07,34,270.0,268.9655747909986,1.0344252090014265,,3.0160745043493753
patient_07,35,270.0,265.87278229948845,4.127217700511551,,3.112119402632195
patient_07,36,315.0,310.91008117382916,4.089918826170845,,3.0468307946282884
patient_07,37,0.0,1.9001822590311943,1.9001822590311974,,3.5264634563000037
patient_07,38,135.0,142.34686031364714,7.3468603136471415,,3.5617463118648036
patient_07,39,45.0,47.10299528763599,2.1029952876359914,,3.6711110256879005
patient_07,40,135.0,128.66974135708426,6.330258642915737,,3.685266991343251
patient_07,41,270.0,263.6371524485647,6.362847551435323,,4.013286737140627
patient_07,42,0.0,1.669375808742223,1.6693758087422168,,3.824025007492046
patient_07,43,225.0,228.39980836235551,3.3998083623555146,,3.3268302927315636
patient_07,44,45.0,47.481734832989076,2.4817348329890763,,3.743606308166362
patient_07,45,135.0,131.01350369877665,3.9864963012233545,,3.6670294470289067
patient_07,46,45.0,48.776612641421046,3.7766126414210532,,3.581481444531615
patient_07,47,135.0,132.23724202283287,2.7627579771671265,,3.3657598323656934
patient_07,48,45.0,48.48439890481936,3.4843989048193578,,3.378198288990826
patient_07,49,45.0,46.68083105264675,1.680831052646738,,3.506633070329666
patient_07,50,90.0,86.38843181230307,3.611568187696946,,3.5709192742533373
patient_07,51,0.0,355.4568185852353,4.543181414764717,,3.5562571899221638
patient_07,52,270.0,273.51514809543943,3.5151480954394287,,3.465746857302487
patient_07,53,270.0,259.92363426400607,10.076365735993932,,3.7119645728556705
patient_07,54,180.0,176.51000148965153,3.489998510348471,,3.8541225959427137
patient_07,55,90.0,93.64996718128646,3.6499671812864563,,4.068544344405947
patient_07,56,90.0,87.49633184883137,2.5036681511686254,,4.217509625318574
patient_07,57,135.0,133.03343005970657,1.9665699402934251,,3.951174145316783
patient_07,58,225.0,221.7365651795845,3.2634348204155117,,3.941113397719902
patient_07,59,270.0,265.5219977627496,4.478002237250394,,4.3903613153564
patient_07,60,45.0,44.83371022159232,0.16628977840767334,,4.550966502159433
patient_07,61,45.0,39.71843671147658,5.281563288523415,,4.513867885295113
patient_07,62,45.0,41.13158929660323,3.868410703396762,,4.769346026964044
patient_07,63,225.0,229.78967767488555,4.789677674885553,,4.564879897741705
patient_07,64,0.0,355.9801891435388,4.019810856461163,,4.09077463266376
patient_07,65,90.0,84.1300538641333,5.869946135866712,,3.7915014359111003
patient_07,66,315.0,315.9037450497845,0.9037450497845043,,3.3036734405027848
patient_07,67,225.0,223.98074154804453,1.0192584519554657,,3.4262367683824335
patient_07,68,225.0,219.0856886815776,5.914311318422392,,3.847457785154921
patient_07,69,225.0,216.68723326243065,8.312766737569348,,3.5878924028080696
patient_07,70,135.0,131.59498513188188,3.4050148681181156,,3.834748880483665
patient_07,71,135.0,129.62999766834562,5.370002331654376,,3.8234488206255555
patient_07,72,45.0,44.17875162921641,0.8212483707835929,,4.250149637255264
patient_07,73,180.0,174.53566138895292,5.464338611047083,,4.278695664748152
patient_07,74,315.0,311.6787078222961,3.321292177703924,,4.533170531639841
patient_07,75,90.0,87.61049613700422,2.389503862995781,,4.342558882794149
patient_07,76,135.0,135.10111887210292,0.1011188721029157,,4.151948806400947
patient_07,77,135.0,125.64119159317772,9.358808406822277,,3.8450794794356984
patient_07,78,45.0,46.29554097116212,1.2955409711621257,,3.5548859694349524
patient_07,79,180.0,174.35904131428458,5.640958685715418,,3.8519701844025596
patient_07,80,45.0,43.66878623416751,1.3312137658325014,,4.1967650609166
patient_07,81,225.0,219.69526086335912,5.304739136640876,,4.105039718117938
patient_07,82,225.0,228.47109716899848,3.471097168998483,,3.895841203023606
patient_07,83,0.0,3.40037796810213,3.400377968102134,,4.251615237746469
patient_07,84,90.0,86.1432879223545,3.8567120776455113,,4.334344859398982
patient_07,85,270.0,269.3741054024714,0.6258945975285997,,4.351842976255118
patient_07,86,315.0,307.2503408336841,7.749659166315894,,4.3855489796246765
patient_07,87,180.0,169.73810025553513,10.26189974446487,,4.103900752664445
patient_07,88,45.0,39.48524125326118,5.514758746738835,,3.988942646701788
patient_07,89,225.0,225.0595051054118,0.05950510541180165,,4.217306626935937
patient_07,90,315.0,305.46666670496774,9.533333295032264,,4.452643222230501
patient_07,91,270.0,273.4161192687508,3.4161192687507764,,4.53228664255149
patient_07,92,180.0,177.59295363716924,2.407046362830755,,4.582963295662002
patient_07,93,315.0,310.39220041145376,4.607799588546243,,4.939959341012642
patient_07,94,135.0,129.21601438715473,5.783985612845271,,4.875716452600935
patient_07,95,225.0,226.6843923552345,1.6843923552345075,,4.609527690225486
patient_07,96,270.0,262.8739600466158,7.126039953384179,,4.424554027710004
patient_07,97,180.0,176.12659815928905,3.8734018407109545,,4.5502028101239915
patient_07,98,225.0,227.08748631774046,2.0874863177404563,,4.622366433386581
patient_07,99,180.0,176.04512530460772,3.9548746953922773,,4.573607603082509
patient_07,100,135.0,128.68891810707788,6.311081892922118,,4.382812099264382
patient_07,101,180.0,169.70960510944275,10.290394890557252,,4.1291479068989
patient_07,102,135.0,135.19288514598057,0.1928851459805685,,4.357151776587026
patient_07,103,45.0,42.77686597383457,2.2231340261654395,,4.31742214095311
patient_07,104,225.0,224.24220596043648,0.757794039563521,,4.459963553268603
patient_07,105,270.0,265.4965103384626,4.503489661537401,,4.390985528488403
patient_07,106,0.0,353.71127433046126,6.288725669538735,,4.309220395431753
patient_07,107,270.0,270.465867552885,0.46586755288501536,,4.339521047560071
patient_07,108,315.0,308.3238137148508,6.6761862851491856,,3.945010960907805
patient_07,109,180.0,179.47923742604664,0.5207625739533626,0.17629918914322307,4.11885067080251
patient_07,110,135.0,131.1508754135264,3.8491245864736072,0.18720964579714927,3.998456492096249
patient_07,111,135.0,126.08397473819016,8.916025261809835,0.205195632420339,4.792991907390113
patient_07,112,0.0,2.019862556450855,2.019862556450846,0.20726568592108574,5.292488279532691
patient_07,113,180.0,178.0114063823405,1.9885936176594896,0.21350254134319702,5.351467043254735
patient_07,114,135.0,129.67064382874264,5.329356171257359,0.23554561417115583,5.021516563357753
patient_07,115,0.0,0.3322524066542895,0.3322524066542769,0.23971633393952807,5.140220549886607
patient_07,116,90.0,83.7926784230703,6.207321576929701,0.2301380940026485,5.19117899260998
patient_07,117,270.0,272.05157622026167,2.0515762202616656,0.2214825079603786,5.396112149593689
patient_07,118,45.0,39.98692629897091,5.0130737010291,0.20738490737301252,5.904950538349809
patient_07,119,225.0,221.553458416121,3.4465415838789966,0.201991653081957,6.292634487869108
patient_07,120,180.0,174.5264932273437,5.473506772656293,0.20821466834100377,6.203736423354005
patient_07,121,0.0,353.4987079479341,6.501292052065878,0.2105777311117354,5.988902872343294
patient_07,122,180.0,171.8191897971589,8.180810202841087,0.24023366370676769,5.604375731826489
patient_07,123,90.0,84.08915689453484,5.910843105465176,0.2122325193014305,5.333709404769991
patient_07,124,180.0,178.55564589410713,1.4443541058928702,0.22274736162350361,5.484428049635974
patient_07,125,180.0,174.53042738380242,5.469572616197581,0.2385575479695614,5.707419562200409
patient_07,126,0.0,356.0791977125893,3.920802287410652,0.23179422693836838,5.539789364834293
patient_07,127,45.0,47.91098500396712,2.910985003967113,0.21860569341668423,5.808067542250955
patient_07,128,270.0,268.4922854266919,1.5077145733080783,0.22930522386453056,6.297966374592406
patient_07,129,270.0,270.46745201477324,0.4674520147732437,0.23149784390164463,6.109891755686352
patient_07,130,180.0,170.66651769493077,9.333482305069225,0.2638561461006308,6.131755907155892
patient_07,131,0.0,354.5038268235564,5.496173176443563,0.2507418366958767,6.321501853110156
patient_07,132,45.0,39.92578391605195,5.074216083948045,0.22850622170821744,6.951544465125474
patient_07,133,45.0,36.09958235213234,8.90041764786767,0.2205751275384582,7.266566992419584
patient_07,134,135.0,130.08980777127812,4.910192228721883,0.2453614051737878,7.313429033942939
patient_07,135,180.0,171.58893658817854,8.41106341182146,0.24695772480900668,7.2722276848508836
patient_07,136,315.0,301.21175963148096,13.788240368519041,0.24468495536996393,7.5122799277511465
patient_07,137,90.0,86.49106722840946,3.508932771590537,0.23096190093577107,7.457645403099525
patient_07,138,180.0,176.97066775247478,3.0293322475252182,0.260125352936325,7.529362862186019
patient_07,139,90.0,86.98754220361103,3.012457796388958,0.2493463812551333,7.661490073924236
patient_07,140,0.0,349.06584875909607,10.93415124090393,0.24795610739917784,7.4637091501051485
patient_07,141,180.0,178.8452232822708,1.1547767177291917,0.2632796997861808,7.148019009656813
patient_07,142,180.0,176.86882748916366,3.131172510836336,0.2698776612650553,6.585177446232195
patient_07,143,225.0,220.48391724706323,4.516082752936768,0.27708578213759605,6.486145853196803
patient_07,144,45.0,41.770901347767264,3.2290986522327216,0.263153370539138,6.418744330595407
patient_07,145,315.0,304.6288182010184,10.371181798981581,0.2584907993566299,6.54979992761762
patient_07,146,225.0,227.72700900759617,2.727009007596166,0.2740941154701009,6.721235024883781
patient_07,147,90.0,88.20406140862598,1.7959385913740107,0.2512241219867777,6.710942156372868
patient_07,148,315.0,308.9896328330435,6.010367166956485,0.24088389075336725,6.8156377420202245
patient_07,149,0.0,351.4846328238972,8.515367176102814,0.22910537597258784,7.055896977281629
patient_07,150,180.0,175.8623310776752,4.137668922324792,0.24436967537144394,7.221375692408431
patient_07,151,270.0,265.35913507985896,4.640864920141041,0.2283189029405115,6.899104298895219
patient_07,152,0.0,351.5491635825031,8.45083641749693,0.22978632106791608,6.539174377680737
patient_07,153,225.0,225.68538561475543,0.6853856147554325,0.24875981305411887,6.771663417161987
patient_07,154,90.0,83.11894341268382,6.881056587316181,0.2434432595823015,6.708908200713694
patient_07,155,225.0,223.87422586248255,1.1257741375174533,0.24835474527257695,6.698282586508803
patient_07,156,135.0,124.70064670622529,10.299353293774715,0.24656300314657198,6.76073449098158
patient_07,157,90.0,87.39020835219699,2.609791647803007,0.24925365847585557,6.821916246726136
patient_07,158,0.0,347.4829901838146,12.517009816185464,0.25674387744265115,6.236371758018068
patient_07,159,45.0,52.61284532467569,7.612845324675675,0.24882887393796072,6.511436744145504
patient_07,160,315.0,310.55912897434627,4.440871025653735,0.23306447186246526,6.488181989976377
patient_07,161,45.0,43.20056736127621,1.7994326387238004,0.2335927868740848,6.385493493897707
patient_07,162,180.0,181.74590729075035,1.7459072907503526,0.24205496609416155,6.4271148136263925
patient_07,163,315.0,314.0920728495404,0.9079271504596136,0.2335518234887468,6.365056620243006
patient_07,164,180.0,170.124782361957,9.875217638043011,0.24942383979467841,6.368366920297685
patient_07,165,180.0,172.57860261627795,7.421397383722052,0.25726605502707756,6.154893419963875
patient_07,166,90.0,86.32302471679763,3.676975283202353,0.2567297017448462,6.172959652994414
patient_07,167,180.0,174.0931657359606,5.906834264039389,0.26377768196991536,6.040708301934079
patient_07,168,90.0,86.90559321119832,3.0944067888016775,0.26065494454476834,5.870655850295734
patient_07,169,45.0,40.08539981963595,4.9146001803640615,0.2561611613278183,5.797073278182359
patient_07,170,315.0,312.15392425783955,2.8460757421604512,0.2485884235632554,6.118374105185668
patient_07,171,315.0,311.82769949841656,3.172300501583436,0.22367951752273463,6.213068736141519
patient_07,172,90.0,85.59272354906356,4.407276450936422,0.20966415939555194,5.568702025012486
patient_07,173,45.0,44.34686693719383,0.6531330628061767,0.20533506640031618,5.670920938116012
patient_07,174,0.0,349.93622789362945,10.063772106370607,0.20306422964194226,5.759690620972498
patient_07,175,135.0,126.52620695901085,8.473793040989165,0.2114080558814404,5.955067664138851
patient_07,176,45.0,47.84809093815998,2.84809093815997,0.1994426562083227,5.857287930166695
patient_07,177,225.0,232.1716424175193,7.171642417519308,0.2129179184736616,6.158159232085761
patient_07,178,45.0,48.14888289296013,3.148882892960131,0.21557305426834628,5.697514025773669
patient_07,179,45.0,44.74389494973903,0.2561050502609703,0.2205667840401455,5.88771770790987
patient_07,180,0.0,351.589639184706,8.410360815293984,0.20442971737384497,6.364413884156999
patient_07,181,315.0,309.7268581178211,5.273141882178891,0.2013021698551576,6.611542457832873
patient_07,182,45.0,39.08410703225411,5.91589296774589,0.2085191738893677,6.959711977511917
patient_07,183,90.0,79.80229094084581,10.197709059154192,0.20436851765768616,6.858584419839176
patient_07,184,90.0,88.25708404376435,1.742915956235663,0.18999377363031122,6.953904963389946
patient_07,185,225.0,221.88736719418995,3.112632805810051,0.1982013654938095,7.059823052017583
patient_07,186,0.0,353.0682803476522,6.931719652347738,0.21319476794453607,7.258505348611119
patient_07,187,180.0,171.55823150748876,8.441768492511244,0.21923014966868504,6.956170018050968
patient_07,188,90.0,88.26310327479351,1.736896725206492,0.21471217203939386,7.064457069316146
patient_07,189,225.0,225.6225792913978,0.6225792913978125,0.2142041440614344,7.133208192332967
patient_07,190,180.0,175.71430737519742,4.285692624802579,0.22809752676272232,7.1488503649429065
patient_07,191,45.0,43.98046252960351,1.0195374703965001,0.23879930624769585,7.149845571551474
patient_07,192,0.0,349.44922721603,10.550772783969933,0.24341238558844047,7.122644236160877
patient_07,193,225.0,224.1644576088663,0.8355423911337141,0.24494356942878515,7.511514270404787
patient_07,194,0.0,359.46366085627466,0.5363391437253995,0.24830999192382652,7.650541506778177
patient_07,195,90.0,85.90212537095672,4.097874629043275,0.24440895073472024,7.529565297741313
patient_07,196,45.0,45.0459837034399,0.045983703439901547,0.24684720672840754,7.405144364410692
patient_07,197,135.0,127.04386133249636,7.956138667503637,0.24349904947164625,7.235394924036939
patient_07,198,0.0,359.9775293356159,0.022470664384172778,0.25481787957820323,7.324470137977832
patient_07,199,135.0,135.0239909233565,0.02399092335650721,0.2396056408443883,7.243952166007296
patient_07,200,90.0,88.285714941809,1.7142850581909954,0.23456742223846483,7.168467772094615
patient_07,201,0.0,354.11027505928945,5.889724940710494,0.2589704891026532,7.184407872853069
patient_07,202,90.0,85.24475775819734,4.755242241802648,0.25741573929012684,7.1780117663417
patient_07,203,315.0,311.45140249572336,3.5485975042766427,0.2654895853992061,6.993255959978001
patient_07,204,225.0,226.54470814955246,1.5447081495524628,0.2511743940469815,7.000528044027187
patient_07,205,135.0,124.4574172228612,10.542582777138819,0.27224583404016744,7.009009315577115
patient_07,206,180.0,176.56519930593282,3.434800694067178,0.27258635775406503,7.5850290785045065
patient_07,207,315.0,300.9053663291452,14.094633670854819,0.266640246788473,7.4671851237569244
patient_07,208,0.0,358.785567570339,1.2144324296609739,0.27300775092742136,7.650759596970394
patient_07,209,315.0,306.788331155022,8.211668844978021,0.26645836446065463,7.367215732215683
patient_07,210,315.0,306.1130720710477,8.886927928952275,0.26960994940071803,7.4646911128016376
patient_07,211,135.0,133.13850463988817,1.8614953601118316,0.26778249207058025,7.635591083934942
patient_07,212,0.0,352.7902235475715,7.209776452428514,0.28961631723322956,7.947242956479293
patient_07,213,0.0,352.674265948018,7.325734051981954,0.2970024906278885,8.127124293141977
patient_07,214,315.0,304.71607827700234,10.283921722997661,0.3024806353787479,7.637054800853157
patient_07,215,180.0,176.52246300901052,3.4775369909894778,0.29632148445198503,7.479275864283061
patient_07,216,180.0,164.45698979764506,15.543010202354935,0.3094256195714964,7.6000863202866755
patient_07,217,0.0,355.6928872185266,4.307112781473393,0.3410375119939033,7.86198118192579
patient_07,218,315.0,304.7056387845146,10.294361215485424,0.3391589180741734,7.987098587831475
patient_07,219,315.0,306.41782974689045,8.582170253109553,0.34515908082114866,8.012973301926973
patient_07,220,90.0,86.9297484847449,3.0702515152551086,0.3360442105127346,8.247888758028466
patient_07,221,180.0,179.48098941528798,0.5190105847120208,0.3291759002423946,8.069669156461408
patient_07,222,90.0,86.56455977424157,3.435440225758441,0.3285416808129362,8.245962108407124
patient_07,223,0.0,345.90808542623466,14.09191457376528,0.33678311189728216,8.212240378905701
patient_07,224,0.0,354.0276835933511,5.972316406648815,0.3378145269671631,8.18174731993102
patient_07,225,270.0,261.1644623586506,8.83553764134939,0.3280355257918117,8.64576459017135
patient_07,226,270.0,265.88934771525476,4.1106522847452425,0.3282059394888961,8.413204171703008
patient_07,227,225.0,225.9381031482457,0.9381031482456876,0.3329338774148054,8.533124889122842
patient_07,228,270.0,263.88028708356745,6.1197129164325474,0.3305651736792026,8.722872921835663
patient_07,229,45.0,42.289209925257175,2.7107900747428175,0.34150437183592075,8.754723601970479
patient_07,230,45.0,43.37003172539939,1.6299682746006,0.34931557529681534,8.560823897141432
patient_07,231,0.0,353.03393425628997,6.966065743710033,0.35735517518680826,8.329238536021824
patient_07,232,0.0,359.0911406469279,0.9088593530721027,0.3502384955409177,8.800825443201914
patient_07,233,270.0,268.71877677959975,1.2812232204002498,0.35982788448492187,8.601698336036488
patient_07,234,225.0,228.07243323451792,3.0724332345179164,0.3728829861910805,8.580755653163054
patient_07,235,0.0,356.11334120310795,3.8866587968921067,0.39148915590790523,8.494642980897586
patient_07,236,0.0,356.64554808281724,3.354451917182814,0.3928730261604958,8.718096061024823
patient_07,237,0.0,345.8401721790302,14.159827820969781,0.4075672930126597,9.00082337322256
patient_07,238,270.0,266.5215030563013,3.478496943698701,0.42252108742860095,9.005224223198919
patient_07,239,315.0,306.53081634908295,8.469183650917046,0.44924680712878295,9.224569347070641
patient_07,240,270.0,275.35524145778976,5.355241457789759,0.4515790469524399,9.00077138426844
patient_07,241,0.0,354.95562598238104,5.04437401761902,0.4583229510482809,8.798876310439166
patient_07,242,315.0,302.2560137571086,12.743986242891424,0.4610569427480362,8.707813758824084
patient_07,243,225.0,228.5471600606732,3.5471600606732068,0.4477128017477954,9.118627435540475
patient_07,244,180.0,176.6113763259514,3.3886236740486027,0.4274870052201507,8.469938228372673
patient_07,245,135.0,124.29238716028362,10.707612839716376,0.42570425740427886,8.712407050228139
patient_07,246,225.0,226.62771861225627,1.627718612256274,0.4495631697203528,9.266287979128073
patient_07,247,180.0,186.37211231847854,6.372112318478543,0.46808464649869297,9.235859698692941
patient_07,248,45.0,46.994878217222855,1.9948782172228618,0.4585140924002973,9.251574105370755
patient_07,249,180.0,183.62565505641356,3.6256550564135637,0.48648684753949034,8.670028725291063
patient_07,250,90.0,93.2111601201432,3.211160120143205,0.48092788794303676,8.652838423058522
patient_07,251,90.0,90.68856313975823,0.6885631397582301,0.44868014526034283,8.696854721008595
patient_07,252,270.0,265.4887442842079,4.511255715792117,0.48714173449743203,8.773929393359955
patient_07,253,225.0,235.57327624374943,10.573276243749433,0.4974671993986517,8.655086796565609
patient_07,254,135.0,124.86732446259343,10.132675537406556,0.47829257761359933,8.628070319209392
patient_07,255,270.0,271.8801811033744,1.8801811033744116,0.5166161064608223,8.917799004817098
patient_07,256,315.0,308.14328957128674,6.8567104287132565,0.532153787427891,8.928403819367423
patient_07,257,315.0,305.0660726456342,9.933927354365778,0.5348681079860489,9.399289541272598
patient_07,258,270.0,271.97247661003973,1.9724766100397346,0.5277314451040933,9.292852376941592
patient_07,259,270.0,267.3107187799868,2.6892812200131857,0.526311545428876,9.286520398792117
patient_07,260,135.0,125.45825661969616,9.541743380303842,0.5061018286654777,9.457792018029085
patient_07,261,0.0,0.8224899769004427,0.8224899769004423,0.5257874715076927,9.537080561020979
patient_07,262,270.0,270.1686507583101,0.16865075831009335,0.5350171892207589,9.557809262222674
patient_07,263,135.0,123.9155164514402,11.084483548559803,0.5153330642048548,9.434132821075144
patient_07,264,90.0,89.85561373955919,0.14438626044079683,0.49286485331256547,9.86737453408956
patient_07,265,45.0,49.06543769919977,4.0654376991997765,0.5172244648524478,9.669454899823172
patient_07,266,315.0,307.34417139010014,7.6558286098998565,0.5297061468968343,9.700990398908626
patient_07,267,0.0,351.46185056603815,8.538149433961848,0.5292629797853543,9.929728226183173
patient_07,268,180.0,178.20313416307593,1.79686583692407,0.5227691010238367,10.086599730644789
patient_07,269,45.0,52.8833667583371,7.883366758337104,0.5012979624650464,10.17338091794123
patient_07,270,0.0,355.17762130980304,4.822378690196956,0.5165556853032998,10.764894601167668
patient_07,271,225.0,221.41748130705494,3.582518692945058,0.5353260681188363,10.585483831380564
patient_07,272,0.0,359.5396371873401,0.4603628126599233,0.5592940521793839,10.911252536912396
patient_07,273,315.0,308.65977278900874,6.340227210991259,0.5739609430618664,10.60859275122504
patient_07,274,0.0,352.04368365788156,7.956316342118498,0.594385764633528,10.902832744421062
patient_07,275,225.0,226.53525570739683,1.5352557073968285,0.5970346718215112,11.034808231913754
patient_07,276,0.0,354.91575264469117,5.084247355308889,0.5996088880469461,11.104753081757732
patient_07,277,315.0,306.6839180781887,8.316081921811303,0.5895083034048811,10.954828236041852
patient_07,278,270.0,264.94890466956747,5.051095330432531,0.593904315587789,11.186990884180382
patient_07,279,0.0,356.14078168534155,3.859218314658392,0.6039224728994679,10.664239781735057
patient_07,280,180.0,168.05880777520244,11.941192224797561,0.6037928508208283,11.415515299446799
patient_07,281,270.0,262.9359009882994,7.064099011700591,0.6221712908983337,11.478639183173723
patient_07,282,45.0,49.189890933990554,4.1898909339905686,0.6230482252879295,11.182778404595625
patient_07,283,315.0,302.4768946853216,12.52310531467839,0.6281333656815073,11.597144070555075
patient_07,284,0.0,356.02568507527724,3.974314924722762,0.6554816533829921,11.831014443958404
patient_07,285,180.0,181.70970697930963,1.7097069793096296,0.6341308253235223,11.504603626398609
patient_07,286,315.0,308.8933262297807,6.106673770219288,0.647854194036138,11.80950406525801
patient_07,287,225.0,229.91762451125817,4.917624511258168,0.6554555170087903,11.364091754807163
patient_07,288,135.0,124.41845344771156,10.581546552288444,0.6297694799997631,11.173195405779037
patient_07,289,180.0,179.04055344971346,0.9594465502865432,0.6066889855667563,10.82713722431058
patient_07,290,90.0,90.08447718093039,0.08447718093037793,0.586197094355617,10.647014367308127
patient_07,291,225.0,235.82303031434446,10.823030314344464,0.634727164967126,10.420354440670135
patient_07,292,0.0,354.1102592046808,5.889740795319199,0.6515469578805746,10.103793380610059
patient_07,293,45.0,49.09096310515098,4.0909631051509905,0.6396476984757831,10.232355193968829
patient_07,294,180.0,186.17525872138836,6.17525872138836,0.6502175646236958,9.887280899077226
patient_07,295,0.0,0.771739402813811,0.7717394028138074,0.6869296284113799,10.009442024976156
patient_07,296,90.0,90.7364730899483,0.736473089948305,0.6523220432381542,10.034365669423408
patient_07,297,225.0,229.42624779541413,4.4262477954141275,0.6735277312307995,9.851781590488295
patient_07,298,45.0,54.49168903255441,9.491689032554405,0.674365078572368,10.163307815916012
patient_07,299,270.0,264.240564273773,5.759435726227025,0.6859702911722323,10.545015677098847
patient_08,0,90.0,92.52066604466006,2.520666044660061,,0.5990358948399792
patient_08,1,0.0,356.57524626256935,3.424753737430592,,0.7528972150825177
patient_08,2,135.0,135.4083295806454,0.40832958064538616,,0.9140053564735717
patient_08,3,135.0,131.19794128774123,3.80205871225877,,1.0985045269451894
patient_08,4,135.0,132.88489569020794,2.115104309792059,,1.3649136196169902
patient_08,5,180.0,180.99438636944205,0.9943863694420543,,1.6186099053272178
patient_08,6,45.0,44.728659378327166,0.27134062167283446,,2.059143200344592
patient_08,7,45.0,46.867639572909134,1.8676395729091269,,2.121874154701369
patient_08,8,90.0,87.2491443334383,2.750855666561705,,2.116942907596232
patient_08,9,90.0,89.63148909325248,0.36851090674753095,,2.1509823865344195
patient_08,10,225.0,224.64348948843718,0.3565105115628171,,2.215348338991256
patient_08,11,135.0,137.9617810836216,2.961781083621588,,2.112709030896807
patient_08,12,225.0,224.99500103972804,0.004998960271962005,,2.229504173664571
patient_08,13,0.0,358.89117306815,1.1088269318499897,,2.519278808085575
patient_08,14,135.0,146.92884681538987,11.928846815389875,,2.561554950398094
patient_08,15,315.0,311.04197635514697,3.9580236448530286,,2.591716487684119
patient_08,16,90.0,90.0525098926432,0.05250989264320083,,2.8957981341317494
patient_08,17,270.0,268.73081905084155,1.2691809491584536,,3.4987055694623646
patient_08,18,45.0,38.65435556319819,6.34564443680182,,3.634222605940365
patient_08,19,180.0,180.83162453631346,0.8316245363134556,,3.601710085763186
patient_08,20,315.0,320.9904256699906,5.9904256699906,,4.177302421289308
patient_08,21,180.0,183.5272140396399,3.5272140396398868,,4.0618084230317635
patient_08,22,270.0,270.0813099625218,0.08130996252180012,,4.750876658242817
patient_08,23,0.0,355.59701906660274,4.4029809333972025,,4.602584319825565
patient_08,24,315.0,322.8422299041436,7.842229904143608,,5.279738595092704
patient_08,25,0.0,5.253976940719681,5.253976940719667,,5.435631321107912
patient_08,26,90.0,89.49834762812469,0.5016523718753092,,5.540394749519638
patient_08,27,135.0,138.68034387975504,3.6803438797550427,,5.375637242918596
patient_08,28,0.0,4.62435197338696,4.6243519733869505,,5.446819519466492
patient_08,29,225.0,225.5228797702332,0.5228797702332031,,5.071083564439105
patient_08,30,270.0,271.0022842859629,1.0022842859629009,,5.30176505863016
patient_08,31,45.0,44.27356475214872,0.7264352478512706,,5.803969971889849
patient_08,32,0.0,3.116812307292216,3.116812307292207,,6.188831849577637
patient_08,33,270.0,263.1764603256157,6.823539674384278,,6.224547071852158
patient_08,34,135.0,142.46727088563605,7.467270885636054,,6.329416660562611
patient_08,35,225.0,222.1385087338042,2.8614912661957987,,6.431935694803743
patient_08,36,180.0,183.17654131619906,3.1765413161990637,,6.4759307236006105
patient_08,37,0.0,355.1665681989345,4.833431801065444,,6.783925696571355
patient_08,38,90.0,90.69228201044425,0.6922820104442451,,6.60909688481781
patient_08,39,135.0,138.3308082613706,3.3308082613706063,,6.966844644285292
patient_08,40,315.0,317.9009459070878,2.9009459070878165,,7.124783421028222
patient_08,41,270.0,271.86810826548185,1.868108265481851,,7.438960249551068
patient_08,42,45.0,42.50871390562788,2.4912860943721284,,7.412254584712982
patient_08,43,135.0,141.8310678337755,6.831067833775506,,6.966157177789376
patient_08,44,315.0,323.2014366625426,8.20143666254262,,6.950420667242428
patient_08,45,90.0,90.18673678971172,0.18673678971171626,,6.59481643698857
patient_08,46,180.0,186.68347789480873,6.683477894808732,,6.1450189139816125
patient_08,47,180.0,180.57743865015766,0.57743865015766,,6.087527974060384
patient_08,48,270.0,271.79902831539994,1.7990283153999371,,5.544511782319828
patient_08,49,135.0,146.0068353292697,11.006835329269705,,5.680423291070534
patient_08,50,135.0,146.02740841882678,11.02740841882678,,6.184765940807257
patient_08,51,45.0,45.9752705192418,0.9752705192418034,,6.0683114151390285
patient_08,52,180.0,176.56019684552084,3.439803154479165,,5.885924318265747
patient_08,53,180.0,176.0124501695588,3.9875498304411963,,6.0878045266331995
patient_08,54,135.0,142.07945540709048,7.079455407090478,,5.778596972049278
patient_08,55,135.0,144.10268162666802,9.102681626668016,,6.071981156515724
patient_08,56,270.0,277.8504041379517,7.8504041379517275,,5.062595995541831
patient_08,57,0.0,1.847986564399991,1.8479865644000029,,5.066470465822428
patient_08,58,90.0,86.82094144558968,3.179058554410318,,4.620153140057415
patient_08,59,180.0,178.83941725391222,1.1605827460877833,,4.569720932431663
patient_08,60,45.0,43.84820903247981,1.151790967520185,,4.1073661596555215
patient_08,61,180.0,178.98542930898935,1.014570691010647,,4.222784161836724
patient_08,62,225.0,224.56959706426986,0.4304029357301431,,4.379014243658481
patient_08,63,315.0,317.88757609644733,2.887576096447333,,4.6806178548509045
patient_08,64,315.0,324.8017645478824,9.801764547882385,,4.902847052441603
patient_08,65,180.0,176.0449151506552,3.955084849344786,,4.932700177202047
patient_08,66,270.0,267.13530670384165,2.86469329615835,,4.774339096116024
patient_08,67,315.0,322.5779416250064,7.577941625006417,,5.282075117409893
patient_08,68,45.0,42.8164538613119,2.1835461386880866,,5.422215211443356
patient_08,69,180.0,188.09625395493762,8.096253954937623,,5.573565413442858
patient_08,70,90.0,93.4595067472049,3.459506747204898,,6.182778981539309
patient_08,71,270.0,279.7628041115215,9.762804111521518,,6.4852081103421355
patient_08,72,0.0,2.3757459612275595,2.375745961227551,,6.6270486841299405
patient_08,73,180.0,189.53773764122886,9.537737641228858,,6.636663876828954
patient_08,74,225.0,225.52870707769736,0.5287070776973621,,6.194775581819046
patient_08,75,135.0,143.9040300147184,8.904030014718387,,5.699661295790579
patient_08,76,135.0,137.7282800271976,2.7282800271975987,,5.586219147455192
patient_08,77,0.0,4.264761791084919,4.264761791084908,,5.591519670279184
patient_08,78,270.0,274.60982347135894,4.609823471358936,,5.157938169615717
patient_08,79,270.0,275.5222837182442,5.522283718244182,,5.928485507191304
patient_08,80,0.0,358.7667383301625,1.233261669837475,,5.553498965440756
patient_08,81,315.0,321.57689723271056,6.576897232710564,,5.446066626448555
patient_08,82,45.0,42.014185999488646,2.9858140005113682,,4.7598884385659215
patient_08,83,45.0,42.68312969818287,2.3168703018171186,,4.44383951600994
patient_08,84,90.0,82.95803191018653,7.041968089813452,,4.144161902754212
patient_08,85,270.0,273.1118125982596,3.1118125982595757,,4.545497807676771
patient_08,86,225.0,223.39196537583746,1.608034624162542,,5.492197023360227
patient_08,87,315.0,316.14000959818617,1.1400095981861682,,5.492389922238021
patient_08,88,180.0,188.89779736199247,8.897797361992474,,5.673445973995429
patient_08,89,225.0,226.2495863060135,1.249586306013498,,5.936958779528785
patient_08,90,135.0,139.54504099765433,4.545040997654326,,6.065653591354543
patient_08,91,135.0,138.32853792530793,3.328537925307927,,6.636251770714031
patient_08,92,90.0,90.42096665382404,0.42096665382405263,,6.691302240055814
patient_08,93,180.0,181.43384876423434,1.433848764234341,,6.80506190590792
patient_08,94,315.0,324.69160633633544,9.69160633633544,,6.672040700877652
patient_08,95,315.0,321.09510479991303,6.095104799913031,,6.7596380016805595
patient_08,96,45.0,44.811556530214425,0.18844346978556814,,6.54365368823732
patient_08,97,0.0,359.09403676399035,0.9059632360097112,,6.786919319354029
patient_08,98,45.0,42.44763067238927,2.5523693276107338,,6.728649668982725
patient_08,99,180.0,181.4232853906873,1.4232853906873117,,6.788736360595877
patient_08,100,270.0,272.3860980175255,2.386098017525512,,6.982706635575219
patient_08,101,0.0,6.118151383601874,6.118151383601884,,6.8880526410889455
patient_08,102,180.0,181.1570636447802,1.1570636447802087,,6.902660530883395
patient_08,103,0.0,3.3481063659916326,3.34810636599164,,7.403710546056495
patient_08,104,180.0,181.70575257853312,1.7057525785331222,,7.654368918200519
patient_08,105,180.0,186.14753074443013,6.147530744430128,,7.434146170126075
patient_08,106,225.0,224.90370519723982,0.09629480276018398,,7.468352007234709
patient_08,107,225.0,221.76112173153098,3.2388782684690227,,7.663831617871659
patient_08,108,45.0,44.249642421777686,0.7503575782223209,,7.58213624692585
patient_08,109,45.0,36.95745779675445,8.042542203245546,0.1721160786369902,7.623705830347316
patient_08,110,0.0,5.489773791293426,5.48977379129343,0.1741971474057804,6.810637713888567
patient_08,111,270.0,276.525553944805,6.525553944804983,0.1840889175415148,6.897833385818798
patient_08,112,270.0,266.50715570042485,3.492844299575154,0.17732691179888693,7.407774896341276
patient_08,113,315.0,324.97676568052026,9.97676568052026,0.1803263169404472,7.041616557465804
patient_08,114,180.0,183.63109371856677,3.631093718566774,0.16790075339390942,7.4826209481512755
patient_08,115,135.0,140.33889002773387,5.338890027733868,0.15604647271097072,7.04062524715906
patient_08,116,315.0,325.5443347012995,10.544334701299476,0.14918798273097877,7.738505325656202
patient_08,117,0.0,7.212836999807759,7.212836999807763,0.14821247165283946,7.6611473727752575
patient_08,118,270.0,262.78058332616945,7.219416673830551,0.15040463430222317,7.933649231478712
patient_08,119,180.0,183.44112653234023,3.4411265323402347,0.15706662967401996,7.8283799560629905
patient_08,120,45.0,43.152130493576394,1.8478695064235922,0.17179778951488345,7.96517586349513
patient_08,121,270.0,267.203265396548,2.7967346034520233,0.17816788090696534,7.406152002973752
patient_08,122,135.0,143.15384726973022,8.153847269730221,0.15612979703097718,7.965268450760399
patient_08,123,90.0,87.93024890800065,2.0697510919993647,0.14768537319806985,7.437673691557022
patient_08,124,135.0,137.65167543322346,2.6516754332234598,0.13245396603456694,7.424128845155157
patient_08,125,135.0,143.13442817458858,8.134428174588578,0.13368690687120033,7.575229136008009
patient_08,126,225.0,226.14313522192555,1.1431352219255473,0.16276608820403204,7.502175969929729
patient_08,127,90.0,91.71489030192228,1.7148903019222814,0.14624720232842847,7.676287035818068
patient_08,128,135.0,138.9674705251869,3.9674705251869113,0.12704837761005106,7.708831505972023
patient_08,129,270.0,268.6992515228503,1.300748477149682,0.13284809101592376,7.53434603495281
patient_08,130,135.0,141.82421075986844,6.824210759868436,0.11849141489770876,7.55001249636576
patient_08,131,225.0,223.48607503256514,1.5139249674348605,0.1277840901852869,7.348663577276267
patient_08,132,90.0,87.86638264473143,2.1336173552685693,0.11933214480276266,7.280338917998488
patient_08,133,45.0,37.47459546902909,7.525404530970917,0.12148397426848057,6.9233551092896395
patient_08,134,135.0,140.21056045058012,5.210560450580118,0.12577983577933516,6.366564038972324
patient_08,135,270.0,259.9459843381603,10.054015661839685,0.1314065757190095,6.2157914900784
patient_08,136,90.0,86.06173919741262,3.938260802587365,0.11601236573064178,6.458864997117759
patient_08,137,135.0,143.10162688086808,8.101626880868082,0.11199992889362154,6.788827714479089
patient_08,138,0.0,2.6126098041576142,2.6126098041576142,0.10752762955975115,6.870600641252037
patient_08,139,315.0,315.0139721162255,0.013972116225488662,0.10019311752799087,7.091837529955836
patient_08,140,45.0,47.75909243568831,2.759092435688302,0.10440125047036997,7.359848575115604
patient_08,141,225.0,220.58143969157516,4.418560308424844,0.11774151305043556,7.4495834900708
patient_08,142,315.0,322.41351487616606,7.413514876166062,0.13224821041186718,7.900879912267801
patient_08,143,0.0,2.6845445939089907,2.6845445939089814,0.13176682993704336,8.121644913119773
patient_08,144,180.0,186.3426963074752,6.342696307475194,0.13800313421794907,8.569242030372621
patient_08,145,225.0,220.44458886279472,4.555411137205283,0.14650911397162858,8.543949420041663
patient_08,146,0.0,1.977450355032263,1.9774503550322606,0.14966183567251168,8.422829916676765
patient_08,147,90.0,87.04907512843936,2.9509248715606304,0.14329659761210145,8.0466327703694
patient_08,148,0.0,6.178892157932369,6.178892157932381,0.14825615098918288,7.846302982286503
patient_08,149,180.0,180.028863480639,0.02886348063898936,0.1465364736383954,7.7170536326937516
patient_08,150,90.0,88.75619984869273,1.243800151307255,0.13653924815806118,7.866467542130943
patient_08,151,180.0,185.51241812727847,5.512418127278465,0.14594696926473993,7.949463035816352
patient_08,152,315.0,316.21398830668846,1.2139883066884636,0.15384916219443845,8.247936702485816
patient_08,153,135.0,142.32750828590684,7.327508285906845,0.15071755779200036,8.42206003376714
patient_08,154,135.0,137.63736949292027,2.6373694929202713,0.14789322148415085,8.242313951539781
patient_08,155,180.0,182.8254830015588,2.8254830015588084,0.1517855508699295,8.42040402976507
patient_08,156,270.0,262.73280546998586,7.267194530014137,0.16662910334923176,8.210679879254357
patient_08,157,90.0,85.13068969217063,4.86931030782938,0.16143049087549333,8.184539036045392
patient_08,158,270.0,265.0968894715927,4.903110528407296,0.1604975765154526,8.52951315666002
patient_08,159,45.0,36.92316479706003,8.076835202939975,0.15496481443302645,8.284171109289296
patient_08,160,135.0,140.21792748363907,5.217927483639073,0.16155780443992107,8.328630777662681
patient_08,161,90.0,93.12892924678609,3.128929246786072,0.17466872261842337,7.588814802685379
patient_08,162,315.0,311.27769130355864,3.7223086964413596,0.17404963941579865,7.460072657134949
patient_08,163,0.0,359.1966819365939,0.8033180634060955,0.19080395428953256,7.209357456205873
patient_08,164,135.0,134.8361270721985,0.1638729278014921,0.1954179321199465,8.078732921874412
patient_08,165,180.0,187.78209636753925,7.782096367539253,0.21266852009111759,8.623281569171393
patient_08,166,270.0,271.22011797924154,1.220117979241536,0.2167992357044124,8.392104012020265
patient_08,167,270.0,269.7540099485,0.2459900514999731,0.23816543723606198,8.590689800954262
patient_08,168,45.0,42.44925963175224,2.550740368247773,0.2391035523372702,8.053105475598255
patient_08,169,270.0,261.39991836873804,8.600081631261958,0.24220121885840395,8.311389782778559
patient_08,170,270.0,268.0645944217826,1.9354055782173987,0.26021514468583007,8.484889613697586
patient_08,171,225.0,223.94803179661525,1.051968203384746,0.26377502857914514,7.811644108385262
patient_08,172,90.0,88.59818412458115,1.4018158754188335,0.2672106938247776,7.514777732015896
patient_08,173,270.0,259.82133917427547,10.178660825724535,0.27750785701772784,7.3268039477632705
patient_08,174,135.0,147.22087823704038,12.220878237040381,0.26977816063416693,7.4568806681333974
patient_08,175,0.0,7.960195153612655,7.960195153612659,0.2723945964519805,7.858337800261422
patient_08,176,270.0,267.0971142514221,2.902885748577887,0.2808248403075746,8.294858356050817
patient_08,177,45.0,46.469450706653994,1.469450706653987,0.28461661488281464,8.407367755490544
patient_08,178,225.0,222.58027203950797,2.4197279604920254,0.30582185536067996,8.63970144291936
patient_08,179,180.0,186.55882874057602,6.558828740576018,0.28803148518214083,8.826822498558599
patient_08,180,0.0,9.861898627283281,9.861898627283267,0.3027980115734996,8.879688660342497
patient_08,181,45.0,36.721746706545076,8.278253293454924,0.30337978432986645,8.214659875047591
patient_08,182,135.0,138.4845075126262,3.484507512626209,0.30656672561000775,8.338644095285126
patient_08,183,225.0,218.4195931473927,6.580406852607297,0.3215104600788079,8.249211239454768
patient_08,184,135.0,135.98900336334165,0.9890033633416522,0.31471798505820026,8.528220928022925
patient_08,185,315.0,317.9853356452201,2.9853356452201183,0.3115932798431027,8.332025822064733
patient_08,186,90.0,76.01706557648272,13.982934423517293,0.31692806924605765,8.97310808314795
patient_08,187,0.0,6.961037714120298,6.961037714120295,0.3324712633269433,9.319321282114057
patient_08,188,90.0,84.49398163510234,5.50601836489767,0.3365215408795761,9.808603896771775
patient_08,189,270.0,259.6288002002028,10.371199799797182,0.35698767825481426,9.82595256121392
patient_08,190,45.0,35.572489523039735,9.427510476960265,0.3802456855349643,9.433303444214264
patient_08,191,270.0,261.591363815615,8.408636184384989,0.3841213909535366,9.127175955685948
patient_08,192,225.0,219.7505655847599,5.249434415240103,0.38045931207325356,9.095713999003772
patient_08,193,45.0,41.03967156728092,3.9603284327190806,0.38282607480585806,8.840778424017909
patient_08,194,90.0,71.86750822024008,18.132491779759903,0.3815266900186254,8.665378981636467
patient_08,195,225.0,223.05983188765555,1.9401681123444519,0.38427432020066465,8.721081008845054
patient_08,196,90.0,85.14461248085912,4.855387519140891,0.3952735724401837,9.006350408985245
patient_08,197,0.0,358.74769100945144,1.2523089905484994,0.41070094734926244,8.872419011532873
patient_08,198,270.0,262.2981858949348,7.701814105065182,0.41900400362780843,9.027272815209031
patient_08,199,90.0,79.11868919675747,10.881310803242513,0.43139067878124315,8.912510454015031
patient_08,200,45.0,34.93138656834799,10.068613431652011,0.43946512628557066,9.500859547906009
patient_08,201,45.0,42.02760467622732,2.9723953237726732,0.4619671035226949,9.493692118675408
patient_08,202,270.0,260.0753010152862,9.924698984713814,0.47033074259058694,9.402814908102377
patient_08,203,270.0,255.82939698675324,14.170603013246762,0.5014202829846006,9.624507839990113
patient_08,204,135.0,138.90457708044747,3.904577080447467,0.510256075917713,9.631583504330145
patient_08,205,315.0,311.5227448139336,3.4772551860663725,0.5253949651682737,9.274678417556554
patient_08,206,225.0,216.78050658627964,8.219493413720357,0.5262277232244541,9.178641197345407
patient_08,207,90.0,85.32353523962608,4.676464760373904,0.5268257352106982,9.14759066825813
patient_08,208,270.0,256.73107422717237,13.268925772827629,0.5473938198861639,9.2458383618882
patient_08,209,135.0,136.30884702824218,1.3088470282421838,0.5348229263631836,8.975266420639263
patient_08,210,270.0,269.5231839036193,0.47681609638067357,0.569542244717339,9.073116681712666
patient_08,211,225.0,220.23903780654524,4.760962193454759,0.5833479909516317,9.497958904764182
patient_08,212,225.0,213.7151846984553,11.284815301544711,0.6039125325550936,9.775841278169178
patient_08,213,315.0,317.7390031452875,2.7390031452874837,0.6112525380392126,9.788943285441817
patient_08,214,45.0,35.188288410386406,9.811711589613594,0.6384065144069382,9.497474435651272
patient_08,215,90.0,81.90714647967053,8.09285352032947,0.634572663053155,9.434532308412647
patient_08,216,135.0,127.39929955863971,7.6007004413602886,0.60048900195582,8.953715212709442
patient_08,217,45.0,37.96988730705452,7.030112692945465,0.5811457241836422,8.766747779711654
patient_08,218,315.0,313.44785766260713,1.5521423373928656,0.5715876336694077,9.425064253953298
patient_08,219,225.0,219.6854933262346,5.314506673765408,0.5657252553535477,9.630868810071398
patient_08,220,180.0,180.58931675608872,0.5893167560887207,0.5454228165743213,9.47509835167041
patient_08,221,45.0,44.58149866300906,0.4185013369909427,0.5343785698323957,9.518255327299777
patient_08,222,135.0,131.62486724598983,3.375132754010167,0.5207820760472774,9.188351265331072
patient_08,223,135.0,137.82604085272808,2.8260408527280845,0.5038925366411791,8.465979771250138
patient_08,224,225.0,216.99127618604234,8.008723813957658,0.5277568098691736,8.088377438697746
patient_08,225,90.0,88.6533862419243,1.346613758075705,0.5165976170763296,8.397097340010687
patient_08,226,225.0,224.79432157416335,0.20567842583665197,0.52195004308075,8.31854202452169
patient_08,227,180.0,179.98591520721394,0.014084792786064781,0.5106812406533567,8.625755908114748
patient_08,228,270.0,261.8823218557977,8.117678144202273,0.5066167832462849,8.544041799361269
patient_08,229,225.0,217.05387482424607,7.946125175753934,0.5199544899702113,8.482202489505541
patient_08,230,0.0,356.36866597106035,3.631334028939591,0.5074720657994805,8.160915314007962
patient_08,231,180.0,176.17102258598854,3.8289774140114616,0.4956722692578328,7.722115952946806
patient_08,232,135.0,141.03436525061326,6.034365250613263,0.48229829985229244,7.861236331599238
patient_08,233,135.0,137.04930201431185,2.0493020143118486,0.4543547754856272,8.290761359092873
patient_08,234,180.0,184.5567774902172,4.5567774902172005,0.45663996840540033,8.112605033254372
patient_08,235,90.0,87.92660331638767,2.073396683612316,0.4570609552325928,7.860357540204115
patient_08,236,0.0,359.7620540372681,0.23794596273182833,0.46253759550687334,8.28481228549198
patient_08,237,180.0,181.51569005861157,1.5156900586115682,0.47187875008197455,8.501076673705379
patient_08,238,135.0,139.04452895272854,4.044528952728541,0.4633467918069538,8.752374355227257
patient_08,239,180.0,182.51758127810294,2.517581278102938,0.44878525674650316,9.113249005427736
patient_08,240,225.0,220.96871365130104,4.031286348698956,0.4629453205376528,9.045079453735134
patient_08,241,45.0,45.2347236784021,0.23472367840210495,0.4574661717677042,9.379742363907045
patient_08,242,270.0,257.1036918197808,12.896308180219194,0.45295030729076036,9.93536220879527
patient_08,243,90.0,78.28297531438876,11.71702468561125,0.45544239522028374,10.017806833132369
patient_08,244,180.0,177.07397100707868,2.9260289929213172,0.4617791870867478,9.783830118920587
patient_08,245,45.0,38.695363549260826,6.304636450739167,0.44701226837047603,9.208442357164584
patient_08,246,225.0,220.78250434141484,4.217495658585165,0.45350028514748075,9.301173509289686
patient_08,247,315.0,314.4372969630966,0.5627030369033719,0.46165934735170566,9.415578480050119
patient_08,248,135.0,135.4934417000342,0.49344170003419663,0.44923210927901724,9.78662186289219
patient_08,249,135.0,137.3901519480468,2.3901519480467925,0.4435707455124511,10.138814724542964
patient_08,250,270.0,267.5152380230267,2.4847619769732887,0.4359282548872008,9.937645906856407
patient_08,251,270.0,262.466881314563,7.533118685436989,0.4690137356187165,10.364448369054092
patient_08,252,270.0,259.9191455527583,10.080854447241677,0.45556122109140773,9.92520825750637
patient_08,253,90.0,82.32095366201403,7.679046337985966,0.43617752518606245,9.762058888323114
patient_08,254,90.0,89.14516033472292,0.8548396652770975,0.4318168461423495,9.896178474772999
patient_08,255,225.0,220.63819760323872,4.361802396761277,0.4544374168159653,9.530114100406507
patient_08,256,90.0,79.48283565280822,10.517164347191795,0.4369554203199941,9.961637264443153
patient_08,257,0.0,1.3070048252097992,1.3070048252097877,0.4172649484534263,9.527899558349514
patient_08,258,135.0,141.95347874906952,6.953478749069518,0.41126921073988676,9.152807230043422
patient_08,259,180.0,181.71340348696836,1.7134034869683603,0.4238117896962921,9.378100812760776
patient_08,260,45.0,43.36667369327688,1.63332630672312,0.4044202436132789,9.520880797045695
patient_08,261,135.0,140.67204407622415,5.672044076224154,0.3999703208609713,9.312162773902113
patient_08,262,45.0,40.65745433288902,4.342545667110983,0.3826650194585932,8.938559975933593
patient_08,263,45.0,38.569497741606554,6.43050225839346,0.39037680171659694,8.943055305223133
patient_08,264,0.0,13.087355259138846,13.08735525913886,0.38681369176150504,8.705697624539987
patient_08,265,180.0,189.8134501088796,9.813450108879607,0.3911385100087452,8.328178887783661
patient_08,266,0.0,4.706105140659677,4.706105140659673,0.39510980538463514,8.87723699215399
patient_08,267,135.0,134.1876426871606,0.8123573128393957,0.4051200426735688,9.380649646324626
patient_08,268,135.0,139.4580924629182,4.458092462918188,0.4277081688387625,8.907118638854687
patient_08,269,180.0,181.40171364678002,1.4017136467800242,0.4454283465888862,8.558621259603113
patient_08,270,90.0,86.75509934275514,3.244900657244841,0.4412166413110885,8.910952364207255
patient_08,271,135.0,136.79446752016906,1.7944675201690643,0.44423820264020186,8.931977724394564
patient_08,272,90.0,86.53110321084164,3.46889678915835,0.4442629819099091,8.982697188407595
patient_08,273,45.0,33.646808086625796,11.35319191337419,0.4451626884469988,8.767742943321487
patient_08,274,270.0,263.6812033596007,6.318796640399285,0.43497858801433775,8.45634556913593
patient_08,275,180.0,186.34052018144294,6.34052018144294,0.4295836518645615,8.843716757104119
patient_08,276,315.0,321.78397223029936,6.783972230299355,0.41608581037784464,8.406463161254795
patient_08,277,45.0,40.4168500258518,4.583149974148199,0.4081157559072581,8.623720221228005
patient_08,278,45.0,38.1031536114951,6.896846388504912,0.40772804704715515,8.422162052821509
patient_08,279,135.0,141.33479271001855,6.334792710018547,0.41035046715871637,8.078465313279969
patient_08,280,225.0,224.63530948608374,0.3646905139162584,0.427188466255811,7.974827614221444
patient_08,281,180.0,185.2271503345379,5.227150334537896,0.4290874325298777,7.385218100664684
patient_08,282,315.0,318.61800673144285,3.618006731442847,0.4156996523059231,7.907599562670315
patient_08,283,270.0,265.28005466373554,4.719945336264459,0.4115538680574966,7.214966377108949
patient_08,284,225.0,226.21606052001553,1.2160605200155317,0.4190382959847252,7.2463649865215425
patient_08,285,225.0,224.9308558148016,0.06914418519841092,0.4209013497459626,7.231138749059083
patient_08,286,90.0,83.52075225952409,6.479247740475898,0.4113393946037549,7.515090729615177
patient_08,287,225.0,225.4015488909413,0.40154889094131363,0.4243655550585821,7.8439064225742055
patient_08,288,225.0,222.63667758417856,2.363322415821443,0.43624605158402563,7.915899826088271
patient_08,289,135.0,136.16242772599514,1.162427725995144,0.4237544900616719,8.531956614921445
patient_08,290,225.0,212.30129679117152,12.698703208828476,0.4163663113882885,8.622036273148892
patient_08,291,0.0,2.7677874392420385,2.767787439242028,0.4105566304682373,9.148113162273436
patient_08,292,270.0,267.16134442014254,2.838655579857459,0.421615131434935,9.34448004777615
patient_08,293,135.0,135.4569716890862,0.45697168908620256,0.4115327724324116,9.685978869258756
patient_08,294,180.0,174.4696356371737,5.530364362826305,0.40359305747958274,9.390748558941263
patient_08,295,0.0,1.070719092517742,1.0707190925177485,0.4078170920449171,10.083299161289823
patient_08,296,225.0,216.2002656380149,8.799734361985088,0.40225606769535993,10.347132061886093
patient_08,297,180.0,190.34923036614867,10.349230366148674,0.38951010568608435,10.81188743528745
patient_08,298,225.0,218.57636026729477,6.423639732705226,0.4091145056643448,10.189168426958192
patient_08,299,90.0,75.7371912109586,14.2628087890414,0.4054730947321721,10.403681916177273
patient_09,0,180.0,188.6344076670048,8.634407667004808,,1.0409348887903636
patient_09,1,180.0,185.79478209480072,5.794782094800723,,1.2225751239551954
patient_09,2,45.0,44.24542284379606,0.7545771562039363,,1.6110465958312723
patient_09,3,180.0,180.93021019795708,0.9302101979570807,,2.064344932258595
patient_09,4,315.0,328.43289866657295,13.432898666572953,,2.557542883170103
patient_09,5,0.0,355.898671310665,4.101328689334991,,3.6830178152848565
patient_09,6,45.0,46.80159806629725,1.8015980662972595,,4.266819332743021
patient_09,7,90.0,94.70323011717099,4.703230117170989,,4.8467235868128995
patient_09,8,45.0,42.21448784748244,2.785512152517555,,4.760409347020891
patient_09,9,225.0,227.5956377975637,2.595637797563711,,4.745635817468661
patient_09,10,0.0,357.4121990105744,2.5878009894256593,,4.450356265878347
patient_09,11,0.0,2.800916426458917,2.8009164264589117,,4.349556829285779
patient_09,12,135.0,145.57103853876558,10.571038538765578,,4.844262403556489
patient_09,13,270.0,273.0006311193816,3.0006311193815804,,4.554558287253766
patient_09,14,180.0,181.60020080072488,1.6002008007248776,,4.1999818990307425
patient_09,15,315.0,327.50970741734614,12.509707417346135,,3.8028664176628597
patient_09,16,135.0,139.62656192298778,4.626561922987776,,4.0775378231750805
patient_09,17,225.0,221.9028283693189,3.097171630681089,,4.173766938966924
patient_09,18,180.0,181.78670115971065,1.7867011597106455,,4.122050318172803
patient_09,19,0.0,7.415903097965843,7.415903097965838,,3.9807631214498094
patient_09,20,315.0,324.90848571107813,9.908485711078129,,4.447709198549395
patient_09,21,90.0,89.41385821239335,0.5861417876066639,,4.293055585214677
patient_09,22,135.0,137.33310284950147,2.333102849501472,,3.7925910244928422
patient_09,23,0.0,8.429916841043651,8.42991684104365,,3.7237269394306765
patient_09,24,270.0,270.70427459475,0.704274594750018,,4.076742899309407
patient_09,25,90.0,90.31390676291333,0.31390676291334785,,4.235558098482752
patient_09,26,135.0,141.26864653850694,6.2686465385069425,,4.794332151236029
patient_09,27,0.0,2.6316090843101603,2.6316090843101563,,4.947085170866101
patient_09,28,135.0,145.74352474593752,10.74352474593752,,4.984876757913313
patient_09,29,135.0,137.6057473702012,2.605747370201186,,5.103515089752058
patient_09,30,315.0,319.9759061725577,4.9759061725577,,5.403137271275674
patient_09,31,270.0,278.6773978914896,8.67739789148959,,5.749157342580989
patient_09,32,0.0,357.30772434103835,2.6922756589616483,,5.8947399668122475
patient_09,33,180.0,183.48402425918576,3.484024259185759,,6.1157190251518365
patient_09,34,315.0,324.86413864926607,9.864138649266067,,6.7014026097834964
patient_09,35,225.0,229.9594202060625,4.959420206062504,,6.610960217290737
patient_09,36,90.0,91.39794402329908,1.3979440232990896,,6.022544147447709
patient_09,37,225.0,221.76236025789052,3.2376397421094794,,6.579260987036454
patient_09,38,0.0,7.923698011043237,7.9236980110432285,,6.993365936980996
patient_09,39,45.0,46.92202869081901,1.922028690819019,,6.088269097559789
patient_09,40,315.0,328.01074648059296,13.010746480592957,,5.654230523210568
patient_09,41,270.0,271.04236160459345,1.0423616045934523,,5.755804010079289
patient_09,42,135.0,142.08968478867996,7.0896847886799605,,6.201604620434526
patient_09,43,135.0,141.61330636883403,6.6133063688340314,,6.326442587753146
patient_09,44,135.0,146.10227045622557,11.102270456225568,,6.521939621838251
patient_09,45,45.0,47.8794373448568,2.8794373448567967,,5.894695655095977
patient_09,46,0.0,10.293093178734297,10.293093178734296,,6.208340531523164
patient_09,47,0.0,359.325039751005,0.6749602489949211,,6.57870702077164
patient_09,48,45.0,50.09630076087909,5.096300760879103,,6.691397708604064
patient_09,49,315.0,321.85792987063405,6.857929870634052,,6.902637795277811
patient_09,50,180.0,184.91697265412483,4.916972654124834,,6.631307283650113
patient_09,51,90.0,90.64466552988777,0.6446655298877886,,6.763551040049008
patient_09,52,315.0,321.1526997900812,6.152699790081215,,7.039954098850115
patient_09,53,0.0,6.4081310396959745,6.408131039695974,,6.348147431461031
patient_09,54,0.0,9.13532357768357,9.135323577683579,,6.094216353339661
patient_09,55,315.0,319.4580193467322,4.458019346732215,,5.896919030856866
patient_09,56,270.0,256.77523084943215,13.224769150567852,,5.228901813619558
patient_09,57,90.0,91.69983102570129,1.699831025701286,,5.505971407484419
patient_09,58,270.0,265.6734113038473,4.326588696152726,,5.988462290295319
patient_09,59,270.0,276.07763682901845,6.077636829018445,,6.309372069574843
patient_09,60,225.0,221.25148279877328,3.7485172012267185,,5.609423041268521
patient_09,61,90.0,81.79432350539517,8.20567649460483,,5.847226731946394
patient_09,62,315.0,321.07780215434195,6.077802154341953,,6.473357161201264
patient_09,63,0.0,2.910957882119835,2.9109578821198454,,6.878333965846066
patient_09,64,90.0,83.82499580721868,6.17500419278133,,6.304554455288009
patient_09,65,315.0,310.87804488069446,4.1219551193055395,,6.382539103453992
patient_09,66,315.0,314.031174991811,0.9688250081890146,,6.0783029577928875
patient_09,67,90.0,86.55061634852184,3.449383651478172,,5.89348175404651
patient_09,68,45.0,38.87568910496018,6.124310895039827,,5.7195158544812355
patient_09,69,135.0,143.84812151062948,8.848121510629483,,6.405024842906161
patient_09,70,270.0,267.6381521060795,2.361847893920526,,6.318778301758459
patient_09,71,270.0,274.1284936791684,4.1284936791684,,5.940388782624273
patient_09,72,135.0,142.83858539177174,7.838585391771744,,6.4283279912636075
patient_09,73,0.0,5.949870874730897,5.949870874730891,,5.884356708752096
patient_09,74,225.0,216.88786170173557,8.112138298264426,,6.060072894459925
patient_09,75,315.0,332.4372691473353,17.437269147335314,,5.891402243912924
patient_09,76,135.0,143.82798595691574,8.82798595691574,,6.167377006516854
patient_09,77,135.0,148.4285344764617,13.428534476461692,,6.063164752799155
patient_09,78,180.0,188.83315285410902,8.833152854109017,,6.237928401798194
patient_09,79,135.0,139.51980582709345,4.51980582709345,,6.222551286900773
patient_09,80,180.0,187.29131810235876,7.291318102358758,,6.145123643249969
patient_09,81,180.0,185.20069029131417,5.200690291314174,,5.830311374908878
patient_09,82,225.0,222.156368049825,2.843631950174995,,6.107299748999342
patient_09,83,45.0,48.875010416300135,3.8750104163001424,,6.687124450172542
patient_09,84,90.0,91.63630773462731,1.6363077346273087,,7.184375941256294
patient_09,85,45.0,52.099987130424424,7.099987130424438,,6.804609081935361
patient_09,86,315.0,315.6645571676865,0.6645571676864961,,6.774913259528877
patient_09,87,90.0,85.36797418414282,4.632025815857162,,6.680512027505024
patient_09,88,180.0,190.95362134208557,10.953621342085569,,7.35129363614988
patient_09,89,45.0,42.682694862854206,2.3173051371458087,,7.2628175279683935
patient_09,90,135.0,139.14899625454171,4.148996254541714,,6.361030440140309
patient_09,91,225.0,226.03461552642798,1.0346155264279844,,6.308604662988473
patient_09,92,225.0,226.95704054838225,1.9570405483822526,,5.968627687802899
patient_09,93,315.0,326.1500882289587,11.15008822895868,,6.325987288641484
patient_09,94,135.0,147.35876012795026,12.358760127950262,,6.674989140803033
patient_09,95,315.0,318.05565292119286,3.055652921192859,,6.708371569144143
patient_09,96,135.0,145.1990625368201,10.199062536820094,,6.736862301578929
patient_09,97,135.0,142.91397143563995,7.913971435639951,,6.594847695666582
patient_09,98,135.0,131.63278845312064,3.3672115468793606,,6.944495871222421
patient_09,99,270.0,268.07716948093895,1.9228305190610513,,7.390989474878525
patient_09,100,45.0,46.37637506250087,1.3763750625008697,,8.27799658514205
patient_09,101,135.0,137.78609820935114,2.786098209351138,,8.11571182010655
patient_09,102,90.0,80.44362378465965,9.55637621534035,,8.223325369683087
patient_09,103,180.0,182.22101179767517,2.2210117976751746,,8.183064978491394
patient_09,104,45.0,43.691589082995804,1.3084109170042098,,8.37022024597674
patient_09,105,135.0,143.5309799326816,8.53097993268159,,8.800574927700163
patient_09,106,180.0,181.65242223487294,1.6524222348729438,,8.78374798467377
patient_09,107,0.0,10.53703862604488,10.537038626044875,,8.76499913897112
patient_09,108,225.0,224.20975997071145,0.7902400292885545,,8.766454139536972
patient_09,109,135.0,147.54563466122463,12.545634661224625,0.4005238341806354,8.209747639760046
patient_09,110,0.0,8.655174097406702,8.6551740974067,0.4109742552769946,8.82016105313853
patient_09,111,90.0,89.81998716584067,0.1800128341593279,0.41755648300712433,8.987099937577561
patient_09,112,0.0,4.251965214898256,4.251965214898263,0.4395807160914149,8.60581815000191
patient_09,113,270.0,270.2475889410259,0.24758894102592421,0.45357336155549266,9.257292835230173
patient_09,114,180.0,194.60831151826736,14.608311518267357,0.4675915997772053,9.582938771297737
patient_09,115,0.0,8.051156748391062,8.051156748391065,0.47247109913550567,9.697623713612735
patient_09,116,225.0,226.57433962629668,1.574339626296677,0.49573954627421024,9.463959073537747
patient_09,117,270.0,270.47366048284186,0.4736604828418649,0.48917632582876003,9.032758573867133
patient_09,118,135.0,147.37302626285418,12.373026262854182,0.5076180739869605,8.958927518069592
patient_09,119,315.0,323.5339132508961,8.533913250896092,0.5013456038746789,8.605477878982615
patient_09,120,135.0,151.13823030794381,16.138230307943815,0.5403916496650822,8.517052191389013
patient_09,121,90.0,91.87209134719203,1.8720913471920255,0.5532372918690642,9.024949995206109
patient_09,122,180.0,196.6810403880093,16.681040388009308,0.5845773503207505,9.626593103876834
patient_09,123,90.0,84.13043148221419,5.869568517785808,0.5922129086857382,9.672633976580677
patient_09,124,135.0,141.52777590126877,6.527775901268768,0.5923642478664686,9.931930511970517
patient_09,125,90.0,90.7606575398971,0.7606575398970961,0.6373534501058655,9.56498367592633
patient_09,126,225.0,223.03019127540105,1.9698087245989484,0.6348611803733233,9.108239385789275
patient_09,127,270.0,260.65360262827005,9.34639737172995,0.6227786256886478,8.552282787690462
patient_09,128,180.0,187.26670027000807,7.266700270008073,0.6407116800876373,8.35956130566161
patient_09,129,225.0,218.1882430929115,6.811756907088494,0.6599831259556286,8.5700883746291
patient_09,130,135.0,139.96615262891055,4.9661526289105495,0.6662520881580081,8.411777987348218
patient_09,131,135.0,145.75163933676086,10.75163933676086,0.6750681712354387,9.068043043886533
patient_09,132,270.0,266.95441231937167,3.04558768062833,0.6649574324490342,8.796627733538665
patient_09,133,135.0,139.38511003461815,4.385110034618151,0.6865350549139482,8.132977826801834
patient_09,134,270.0,264.77261685683084,5.227383143169163,0.688933899614014,8.202814281113122
patient_09,135,135.0,144.94172249512403,9.941722495124026,0.7259042843905021,8.26169001494938
patient_09,136,315.0,323.77473344074576,8.774733440745763,0.7295726468687551,8.284821500748958
patient_09,137,135.0,139.3457302343463,4.345730234346291,0.7601863846074277,8.568379149216565
patient_09,138,0.0,4.847394891061226,4.847394891061214,0.722422447808607,8.230154095425723
patient_09,139,135.0,143.0752644868515,8.075264486851495,0.7674848167848687,8.991056501896104
patient_09,140,315.0,319.539279201295,4.539279201295017,0.766614878994412,8.984808121940814
patient_09,141,45.0,42.855708757838904,2.1442912421611027,0.7570451583622573,9.134886079051462
patient_09,142,315.0,321.9974445001506,6.997444500150607,0.7550892793770432,9.69291049395695
patient_09,143,180.0,190.36393452039377,10.36393452039377,0.7997388444349793,10.197389977762533
patient_09,144,90.0,80.8594873001941,9.140512699805896,0.7742017583111753,9.819606765450139
patient_09,145,270.0,259.6462249509898,10.35377504901021,0.7730011024102001,10.297027622095213
patient_09,146,135.0,140.4228809875269,5.422880987526895,0.8057209507389542,10.439903096359
patient_09,147,90.0,82.60209691121781,7.397903088782186,0.792693843184729,10.248415656403113
patient_09,148,90.0,89.51812946744863,0.481870532551369,0.7880055476532757,10.208107319297898
patient_09,149,135.0,136.94600048208602,1.9460004820860206,0.8191791752629598,10.193028965339451
patient_09,150,180.0,180.707426748371,0.7074267483710059,0.844979326322937,10.200987434314346
patient_09,151,90.0,72.51070528984766,17.489294710152336,0.8113688302127686,10.975623058008651
patient_09,152,135.0,139.86170529574576,4.8617052957457645,0.8302687213981175,11.045235716993755
patient_09,153,0.0,5.33291056768093,5.332910567680926,0.7790529948537861,10.683369376350354
patient_09,154,90.0,81.19869091107846,8.801309088921528,0.7823819926741313,10.362337145177937
patient_09,155,270.0,258.7074999719258,11.292500028074187,0.7514670528419494,10.448288045351838
patient_09,156,315.0,322.4093942127509,7.409394212750897,0.7164687294177545,10.2022098795817
patient_09,157,135.0,140.52193344521822,5.521933445218224,0.7207029691606195,10.21110742495122
patient_09,158,180.0,187.8501226869064,7.8501226869063885,0.7386291517245303,10.46899227711274
patient_09,159,45.0,44.245427299559424,0.7545727004405762,0.7143521828162269,9.891052962911468
patient_09,160,315.0,321.5172539248706,6.517253924870602,0.7057804080784686,10.32358707853033
patient_09,161,135.0,144.02010410225074,9.020104102250741,0.7043107137793818,10.290386785637669
patient_09,162,180.0,187.4113396602021,7.4113396602020885,0.7194052805797613,10.025392182565726
patient_09,163,225.0,222.6907126141288,2.309287385871187,0.734747564499636,10.359615450141396
patient_09,164,135.0,142.53894586034897,7.538945860348974,0.7100213552304551,10.318371411847505
patient_09,165,180.0,193.02575686192887,13.025756861928869,0.7551546284556396,10.701832147169325
patient_09,166,45.0,41.47929426909174,3.5207057309082757,0.735871870701418,10.48765117099882
patient_09,167,225.0,217.8170827310549,7.18291726894509,0.7575025492524459,10.739594339049065
patient_09,168,90.0,84.36663377043185,5.633366229568139,0.7418161040245508,11.38621203839562
patient_09,169,45.0,39.95362867047808,5.046371329521918,0.7524352918684656,11.851922321675193
patient_09,170,180.0,191.62730589926787,11.627305899267867,0.7637554782394247,11.362129422752782
patient_09,171,315.0,329.7927911194108,14.792791119410822,0.7443577295143582,11.024272628986507
patient_09,172,135.0,143.13169189576655,8.13169189576655,0.7150307911414293,11.084596610058654
patient_09,173,135.0,149.93682549056973,14.936825490569731,0.7410528512988819,10.853337319549045
patient_09,174,135.0,138.23054669239755,3.230546692397553,0.7357442130372238,10.307885791925646
patient_09,175,180.0,185.67723117233254,5.67723117233254,0.7629865079281384,10.828057073776055
patient_09,176,315.0,324.8146215620254,9.814621562025422,0.7490300598894901,11.248420752029961
patient_09,177,45.0,39.35115069783593,5.648849302164081,0.7438754420514506,10.932634636502854
patient_09,178,0.0,8.620747799216582,8.620747799216588,0.7113692635634346,11.268204851746983
patient_09,179,45.0,43.822242657635144,1.1777573423648562,0.7062269380695252,12.04821110850222
patient_09,180,225.0,218.14382956313366,6.856170436866336,0.7085771321012526,11.898682200442346
patient_09,181,0.0,9.932650806956039,9.932650806956048,0.7367385535223887,12.217243646177906
patient_09,182,0.0,5.807898805092303,5.807898805092293,0.7659837109249379,12.120471191182075
patient_09,183,315.0,320.9204013587113,5.920401358711274,0.7455381264404286,11.645105501522165
patient_09,184,225.0,220.6597177355315,4.340282264468499,0.767254244702646,11.971267666251883
patient_09,185,0.0,3.655751465000447,3.655751465000435,0.7636180112293092,11.723932740739393
patient_09,186,45.0,39.771130039504854,5.22886996049516,0.7858749779574259,11.518389471709344
patient_09,187,180.0,190.60037341381818,10.600373413818176,0.7840969518442913,11.498021886315813
patient_09,188,90.0,83.84700071866605,6.152999281333962,0.7905600442348755,11.792383085586907
patient_09,189,0.0,11.745931897014376,11.745931897014373,0.813506782574648,11.749048223433906
patient_09,190,315.0,321.58315973785193,6.583159737851929,0.8098940784747972,12.047295677486776
patient_09,191,45.0,37.735773928811646,7.264226071188347,0.8326722672607048,12.350275439993265
patient_09,192,0.0,5.455476057981554,5.455476057981542,0.879555857683683,12.380118800183752
patient_09,193,0.0,9.833863881585774,9.833863881585785,0.8903299715242774,12.779874905916063
patient_09,194,0.0,6.119532419538822,6.119532419538814,0.9257086603532212,13.056877978765323
patient_09,195,315.0,315.58506326821725,0.5850632682172545,0.9340358083765787,12.86947288419201
patient_09,196,315.0,317.5820319663863,2.582031966386296,0.9435711577356081,13.063886503563687
patient_09,197,180.0,185.27249441673663,5.2724944167366345,0.9896555240602058,12.979967576213689
patient_09,198,225.0,221.77827743383637,3.221722566163635,1.0227815391021498,13.280116454811084
patient_09,199,225.0,222.78807241713363,2.211927582866366,1.0196267205669223,13.17942552111295
patient_09,200,180.0,180.99521385204892,0.99521385204892,1.0526425807762276,12.948687668064693
patient_09,201,315.0,317.0373093809569,2.0373093809569127,1.069532141181348,12.757050935893739
patient_09,202,225.0,216.76273228805155,8.237267711948448,1.0964957707789962,12.643905470144391
patient_09,203,0.0,9.087568581470949,9.087568581470947,1.1564505140839003,13.094072180251587
patient_09,204,135.0,137.2495147082556,2.249514708255589,1.1746226186045492,12.485294939728025
patient_09,205,315.0,324.5734423787497,9.57344237874969,1.1727080500186684,12.444943625914842
patient_09,206,45.0,41.77247304113116,3.22752695886885,1.207182324087726,12.524088607207407
patient_09,207,270.0,259.99337309490124,10.006626905098756,1.2221687851061587,12.083146431122707
patient_09,208,135.0,141.639178710636,6.639178710636003,1.2083849695410738,12.179076816805175
patient_09,209,180.0,189.08541243427047,9.085412434270467,1.1969163813271928,11.970543246939737
patient_09,210,315.0,328.4013553902086,13.401355390208607,1.2130025065086985,12.176546968394842
patient_09,211,135.0,147.24351458764025,12.243514587640249,1.2387776366636079,12.525476224770456
patient_09,212,180.0,182.1208300482242,2.1208300482242066,1.2881122792671142,11.931511143709095
patient_09,213,45.0,40.93022397178566,4.069776028214335,1.2861262602176131,12.410534895906022
patient_09,214,315.0,325.38463409149944,10.384634091499436,1.3337710358621306,12.559690031452952
patient_09,215,270.0,270.54866883860814,0.5486688386081369,1.3188539630355827,12.686059310823762
patient_09,216,0.0,12.589728534281695,12.589728534281704,1.3336576215557017,13.049279230698117
patient_09,217,270.0,264.3640871520434,5.635912847956604,1.3127383289148327,12.662401136502554
patient_09,218,135.0,148.91017284499412,13.910172844994122,1.3177884724580373,12.275474557620106
patient_09,219,315.0,330.6508645861965,15.65086458619652,1.2968869733698707,12.373407358562254
patient_09,220,90.0,83.0503517267058,6.949648273294201,1.2695373934713423,12.052540082629886
patient_09,221,270.0,272.7525021265553,2.7525021265553278,1.2821942142768723,11.785642293156751
patient_09,222,90.0,87.74128991360512,2.258710086394899,1.2889827132002036,11.030416643498462
patient_09,223,180.0,182.9325407629738,2.9325407629737867,1.3285325338285618,11.18992205288739
patient_09,224,90.0,86.73761419634205,3.262385803657935,1.3284607043426186,12.104395103685654
patient_09,225,0.0,6.525383766410005,6.525383766410016,1.3385040285517,11.696041112334559
patient_09,226,225.0,222.12993780778788,2.8700621922121172,1.3625690221350935,11.452447784026734
patient_09,227,315.0,331.06109619934574,16.06109619934574,1.3862365386619429,11.473982155848082
patient_09,228,0.0,10.817585729239964,10.817585729239966,1.3935161743830875,11.944288706307734
patient_09,229,135.0,149.637830945288,14.637830945287988,1.3900725681311563,12.221609317833625
patient_09,230,270.0,266.5926673458877,3.407332654112281,1.3790110894317662,13.440863527270576
patient_09,231,270.0,273.15469047480633,3.15469047480633,1.3369093678847692,13.688582047302981
patient_09,232,225.0,221.1716248140246,3.8283751859754034,1.3449075628696407,14.15577286389091
patient_09,233,225.0,223.22490218416954,1.7750978158304633,1.3508856537195664,14.467038278913144
patient_09,234,90.0,89.12910604650787,0.8708939534921285,1.3377937840045036,14.752449553844233
patient_09,235,270.0,262.51317168705464,7.486828312945363,1.3276106250133903,14.487801083803149
patient_09,236,0.0,11.032205704686676,11.032205704686675,1.3619623738356612,14.213129905744761
patient_09,237,180.0,194.59715095127441,14.597150951274415,1.358969012483806,15.063807679946281
patient_09,238,315.0,329.62458991484004,14.624589914840044,1.3725852730281414,14.710296235394411
patient_09,239,180.0,189.8777271384415,9.877727138441486,1.3581611984157123,14.408531460847621
patient_09,240,225.0,226.93967757438986,1.9396775743898615,1.3724162151761368,14.598321724568526
patient_09,241,270.0,264.59593086778364,5.404069132216364,1.3740120269698117,14.708568105208176
patient_09,242,180.0,192.85667780703136,12.85667780703136,1.3814101683052638,15.011779094446952
patient_09,243,0.0,11.233345210933184,11.23334521093318,1.389578970933016,15.054521074351726
patient_09,244,90.0,95.13269998070376,5.132699980703762,1.356377492317538,15.399472788506692
patient_09,245,0.0,6.950276137609933,6.950276137609933,1.393839515080864,15.492857698113646
patient_09,246,225.0,223.4910160553671,1.508983944632888,1.427718849172762,15.466806116379951
patient_09,247,45.0,44.35758152301698,0.6424184769830106,1.3974090506478207,15.47619055993665
patient_09,248,135.0,150.9388527054689,15.93885270546889,1.3529279097575468,14.85569661659639
patient_09,249,315.0,335.5427496572008,20.542749657200773,1.3389251748323074,14.848898354151267
patient_09,250,45.0,34.79600532945282,10.20399467054719,1.302547247344438,14.559323102351522
patient_09,251,90.0,97.99687245803185,7.996872458031845,1.3047682143550627,14.493226065284798
patient_09,252,315.0,337.6214760701858,22.621476070185793,1.2862801074698442,14.350584159337274
patient_09,253,135.0,151.77358429471184,16.77358429471184,1.2653216886674983,14.646249167485118
patient_09,254,315.0,335.5615281215994,20.561528121599395,1.265621351481994,14.112465372504687
patient_09,255,90.0,81.83518812381705,8.164811876182966,1.2790910918278318,14.275894819262133
patient_09,256,180.0,192.4014891367861,12.401489136786097,1.305441647094554,14.26098765209959
patient_09,257,135.0,148.1001379248377,13.100137924837696,1.288020462892793,13.793787839345093
patient_09,258,135.0,156.64794258176417,21.64794258176417,1.283058965661331,13.856646675582574
patient_09,259,45.0,37.588274777517704,7.411725222482289,1.2324597053634951,14.366107941473606
patient_09,260,90.0,88.06481621071883,1.9351837892811545,1.2314937565199102,14.923030234630456
patient_09,261,225.0,222.269193851155,2.730806148845005,1.2408671857588676,15.670523015544102
patient_09,262,135.0,157.35975138633978,22.35975138633978,1.1785414848219586,15.600040913830348
patient_09,263,135.0,153.33238328665396,18.332383286653965,1.2081852834590086,16.572499053473503
patient_09,264,270.0,277.87663069932705,7.876630699327052,1.2067962317755683,16.796234576281456
patient_09,265,0.0,9.372337094568879,9.372337094568877,1.2170673078819556,16.599668478630306
patient_09,266,90.0,89.01982959839549,0.9801704016045107,1.2130089919063805,16.28277519545908
patient_09,267,180.0,187.66813377959852,7.66813377959852,1.2784574515771165,16.016892518648188
patient_09,268,90.0,99.67869911392786,9.678699113927848,1.289874652299991,16.827151101332277
patient_09,269,135.0,156.3608757135721,21.360875713572113,1.3169621312923745,16.611022316672802
patient_09,270,45.0,44.89236056409841,0.10763943590160352,1.3632764878501984,17.303941824165733
patient_09,271,315.0,335.65955324446156,20.659553244461563,1.3589174830051167,17.729735368501213
patient_09,272,270.0,272.9086907287757,2.908690728775696,1.355946645248033,17.185176520280514
patient_09,273,315.0,341.072834723967,26.07283472396699,1.3248966120522319,17.083426536988604
patient_09,274,270.0,273.4336770687642,3.4336770687642115,1.3633642183220225,17.78575064821773
patient_09,275,90.0,91.1248547570412,1.1248547570411915,1.3648576088825388,18.0651176038335
patient_09,276,135.0,160.79427936504695,25.794279365046947,1.3490811695028002,18.368017100071047
patient_09,277,315.0,331.7436553719441,16.7436553719441,1.348489866949536,18.094051944643468
patient_09,278,225.0,226.95780599178906,1.9578059917890585,1.3802076755518664,18.01191972823313
patient_09,279,45.0,47.725278103964875,2.7252781039648823,1.3944199554007985,18.569963523755384
patient_09,280,180.0,195.85130128410466,15.851301284104665,1.4354103519960777,17.950147468743975
patient_09,281,180.0,189.69293266813682,9.69293266813682,1.4677228446168833,18.185213661348342
patient_09,282,0.0,6.897630368011848,6.897630368011846,1.510295724847503,18.004138580411905
patient_09,283,90.0,87.1522246573772,2.8477753426228105,1.491418055682459,18.453080625248404
patient_09,284,315.0,335.86649247158493,20.866492471584934,1.4945448721474008,18.312897522596437
patient_09,285,315.0,336.21908254390087,21.219082543900868,1.5084544246365938,18.60651725106309
patient_09,286,180.0,194.37261795378032,14.37261795378032,1.5179426258121538,18.399335488997814
patient_09,287,0.0,15.807356591850215,15.807356591850208,1.5733665403242947,18.868204511585166
patient_09,288,90.0,96.96189946167486,6.961899461674875,1.585534630029171,18.141331807200526
patient_09,289,225.0,218.4126800435665,6.587319956433504,1.622483849943145,18.14609944390663
patient_09,290,270.0,276.8460480358867,6.846048035886724,1.6193249509771102,18.522568694570715
patient_09,291,135.0,154.76764313485495,19.76764313485495,1.6805749296691719,18.26287870289907
patient_09,292,135.0,154.55329064217008,19.553290642170083,1.6490879364443662,18.374697422106063
patient_09,293,270.0,282.95091368495736,12.950913684957357,1.6292487423091284,18.965301500850927
patient_09,294,45.0,38.554620146578195,6.445379853421798,1.6512979357668467,18.683475040736234
patient_09,295,135.0,156.3129481509779,21.31294815097789,1.6340463971889188,18.452519933488805
patient_09,296,135.0,151.26309196547672,16.26309196547672,1.6325106179295856,18.691536646315676
patient_09,297,225.0,227.96246505769682,2.962465057696818,1.6291807500847035,18.65678324831074
patient_09,298,315.0,340.7614590750314,25.761459075031382,1.6192370231527056,19.1069579764559
patient_09,299,90.0,110.20927380870143,20.209273808701425,1.6733449185827185,19.35982692603792
patient_10,0,315.0,311.3016150723438,3.698384927656207,,0.6855980247150294
patient_10,1,225.0,226.40148961970812,1.4014896197081157,,1.3471225841200227
patient_10,2,45.0,46.845115916607426,1.8451159166074262,,1.617390650509223
patient_10,3,180.0,173.6957345443954,6.304265455604593,,3.3201893738986215
patient_10,4,0.0,4.177964519830113,4.1779645198301125,,4.0682477602131675
patient_10,5,225.0,235.03601153089465,10.036011530894655,,4.441666699354856
patient_10,6,135.0,137.62038325523108,2.6203832552310757,,4.790699490151378
patient_10,7,45.0,45.91029370922193,0.9102937092219463,,5.044777708074142
patient_10,8,315.0,315.2582810627995,0.25828106279948315,,4.723852245896959
patient_10,9,315.0,312.6683985279983,2.3316014720016938,,4.649570745215767
patient_10,10,270.0,277.16043361374034,7.160433613740338,,4.78750973291802
patient_10,11,270.0,268.48041198992394,1.5195880100760633,,4.6445558116501555
patient_10,12,0.0,0.46708867491100553,0.4670886749109968,,4.8376262079017796
patient_10,13,135.0,133.98909995503243,1.0109000449675705,,3.9223867850681104
patient_10,14,90.0,90.55529231222233,0.5552923122223206,,3.5010615171855157
patient_10,15,270.0,274.4009125223899,4.400912522389888,,4.324487847761285
patient_10,16,0.0,355.52738667031696,4.472613329683099,,4.375831526825947
patient_10,17,270.0,269.5225505390592,0.47744946094081797,,5.101274565198528
patient_10,18,45.0,48.627080333128816,3.6270803331288164,,4.965774096648246
patient_10,19,315.0,314.4635840679796,0.536415932020418,,5.047141385097044
patient_10,20,225.0,226.5135868238561,1.5135868238560874,,5.208355774775595
patient_10,21,0.0,353.26699201940676,6.733007980593243,,4.878933185586975
patient_10,22,315.0,317.33350348045445,2.3335034804544534,,4.923567997159748
patient_10,23,180.0,181.97606613492982,1.9760661349298232,,4.67121608235569
patient_10,24,180.0,181.50330797520124,1.5033079752012384,,5.742606866028747
patient_10,25,225.0,233.114215171612,8.114215171611988,,5.728971092697531
patient_10,26,45.0,51.03360794692808,6.033607946928072,,5.381816135141225
patient_10,27,225.0,222.78199987325254,2.218000126747455,,5.180581361925697
patient_10,28,0.0,346.92502991990216,13.074970080097842,,5.220281150630429
patient_10,29,180.0,175.27924398205715,4.720756017942847,,5.121596385292474
patient_10,30,135.0,124.69720757210818,10.302792427891802,,5.0800869934565585
patient_10,31,45.0,42.553829927437874,2.4461700725621256,,4.971696968257607
patient_10,32,315.0,307.61147693478705,7.388523065212951,,5.586144144065353
patient_10,33,90.0,92.55177560459686,2.5517756045968554,,5.513620307208406
patient_10,34,225.0,221.81954787235503,3.180452127644969,,4.299909689502522
patient_10,35,90.0,90.18693858510078,0.18693858510079053,,4.910592376460684
patient_10,36,135.0,124.14281948631421,10.85718051368579,,5.320745535989239
patient_10,37,180.0,180.37172478588215,0.37172478588215085,,5.406682835104908
patient_10,38,315.0,309.32977211084784,5.670227889152159,,6.889825038858207
patient_10,39,180.0,177.46652162344634,2.53347837655366,,6.11085228472984
patient_10,40,90.0,81.14956275660481,8.850437243395191,,6.662309262751445
patient_10,41,270.0,266.8203530381996,3.1796469618004153,,6.138298535032213
patient_10,42,225.0,225.92806156894915,0.9280615689491469,,6.190967344120806
patient_10,43,180.0,179.1839047129694,0.8160952870306062,,6.671306846187025
patient_10,44,0.0,356.1915340879484,3.808465912051588,,6.735304121208953
patient_10,45,135.0,128.4649341808769,6.535065819123105,,6.58798806097029
patient_10,46,45.0,50.23177720899378,5.231777208993776,,6.02822021531067
patient_10,47,180.0,169.01518252469808,10.984817475301924,,6.343966898073843
patient_10,48,225.0,221.27131891849288,3.728681081507119,,6.284414483119242
patient_10,49,225.0,228.50734416743336,3.5073441674333594,,6.4863794775244665
patient_10,50,0.0,348.7421819886841,11.257818011315976,,6.362387895133407
patient_10,51,180.0,179.4885474735401,0.511452526459891,,6.797533797361197
patient_10,52,315.0,313.47188528425863,1.528114715741367,,6.047491178929274
patient_10,53,45.0,52.96428768995395,7.964287689953949,,6.658306131097527
patient_10,54,180.0,177.40545910326196,2.594540896738039,,6.517142484471728
patient_10,55,270.0,273.4108427363487,3.410842736348684,,6.957806718942487
patient_10,56,45.0,54.513845111876925,9.513845111876918,,7.368978032661747
patient_10,57,45.0,52.65033699687507,7.650336996875069,,7.420786518766032
patient_10,58,180.0,176.72298128643996,3.2770187135600395,,7.452120270238316
patient_10,59,315.0,311.5701848077822,3.429815192217802,,7.560473508910759
patient_10,60,225.0,221.98133144036365,3.018668559636353,,8.094572226113025
patient_10,61,45.0,42.985208505811464,2.014791494188529,,7.322568862121096
patient_10,62,180.0,170.7128251864917,9.287174813508301,,7.143756183892924
patient_10,63,135.0,128.62139887029383,6.378601129706169,,7.289148367362876
patient_10,64,180.0,171.32843905664166,8.671560943358344,,7.703774622712036
patient_10,65,90.0,91.73291405447503,1.7329140544750317,,7.297523350986641
patient_10,66,0.0,355.96972422943344,4.030275770566504,,6.479851812603471
patient_10,67,315.0,303.69432770903427,11.305672290965731,,6.173206376527737
patient_10,68,270.0,270.5102549328889,0.5102549328889268,,6.365596890168119
patient_10,69,180.0,174.18748123778056,5.81251876221944,,7.175072943995253
patient_10,70,270.0,259.1752308283065,10.824769171693504,,6.9173525972511145
patient_10,71,315.0,305.9903625612555,9.009637438744505,,6.956573204600006
patient_10,72,315.0,308.5287175959077,6.471282404092278,,6.783020027021179
patient_10,73,225.0,227.43095373178193,2.4309537317819263,,7.625103439967749
patient_10,74,135.0,122.04750554380628,12.952494456193733,,7.921658039557049
patient_10,75,135.0,126.2477531390159,8.752246860984087,,7.820431746196661
patient_10,76,180.0,165.65271566317338,14.347284336826618,,8.128174810473695
patient_10,77,225.0,217.27564626794657,7.72435373205343,,8.005767821901328
patient_10,78,315.0,304.03239188508127,10.967608114918733,,8.19213051583041
patient_10,79,225.0,221.34715041801508,3.652849581984924,,7.811188142407375
patient_10,80,315.0,311.3378089951126,3.6621910048874042,,8.06243093779909
patient_10,81,270.0,273.5853132651384,3.5853132651383817,,7.637328540636821
patient_10,82,135.0,126.79135043349065,8.208649566509337,,8.364534293226306
patient_10,83,180.0,162.87131125771498,17.12868874228502,,9.62207239726824
patient_10,84,270.0,257.5452956077997,12.454704392200313,,8.938662932741781
patient_10,85,45.0,42.30998043780199,2.6900195621980174,,8.566503186353291
patient_10,86,270.0,258.44881434531675,11.551185654683252,,8.590928367223308
patient_10,87,90.0,80.69206557036777,9.307934429632212,,8.128354978825476
patient_10,88,270.0,265.0303594981382,4.969640501861818,,8.29105235523441
patient_10,89,180.0,163.52995203856884,16.470047961431163,,8.841888459327457
patient_10,90,315.0,312.9722781558536,2.027721844146413,,9.729191500662292
patient_10,91,315.0,313.45312849753594,1.5468715024640574,,9.199383413375633
patient_10,92,90.0,84.92274365660512,5.077256343394879,,9.34459859996105
patient_10,93,180.0,171.42936745057509,8.570632549424914,,8.580264344241295
patient_10,94,0.0,347.0327823830225,12.96721761697745,,8.662118057721244
patient_10,95,0.0,348.41615682052253,11.583843179477526,,8.868122439929342
patient_10,96,135.0,129.31321526830862,5.686784731691375,,8.798171304227935
patient_10,97,180.0,171.94483021523868,8.055169784761318,,7.894476834829847
patient_10,98,135.0,133.55008493931143,1.4499150606885678,,7.67011160228284
patient_10,99,135.0,130.4238713271445,4.5761286728555035,,8.40008525603319
patient_10,100,135.0,134.24210416163643,0.7578958383635666,,8.61108302794232
patient_10,101,225.0,220.14688425133028,4.8531157486697225,,8.939116181655972
patient_10,102,315.0,313.9271954596326,1.0728045403673718,,8.441244339852021
patient_10,103,45.0,30.356115323434118,14.643884676565875,,8.799041620896332
patient_10,104,270.0,271.4607790081343,1.4607790081342955,,9.565742579715248
patient_10,105,135.0,132.3875493915926,2.612450608407414,,9.042398998556626
patient_10,106,180.0,172.17255251905948,7.827447480940521,,8.629722092729411
patient_10,107,45.0,38.11870780808916,6.8812921919108305,,8.138977337879236
patient_10,108,315.0,314.964818250661,0.03518174933901719,,8.317843980171304
patient_10,109,270.0,268.23025273427027,1.769747265729734,0.3892310841602038,7.290373762214212
patient_10,110,315.0,314.39784828167035,0.602151718329651,0.3911018492084821,7.533103530002221
patient_10,111,315.0,313.15915627408214,1.840843725917864,0.4259261058592019,6.658939169500959
patient_10,112,180.0,174.3113274824934,5.688672517506603,0.44441095264469777,8.009004180875479
patient_10,113,45.0,44.0266737234062,0.9733262765938093,0.45011695696636345,8.743390863450374
patient_10,114,135.0,130.71895222975203,4.281047770247966,0.45919244224445777,8.331226679228987
patient_10,115,0.0,354.3031511168947,5.696848883105304,0.4738011345186761,8.57634914032288
patient_10,116,90.0,94.37911397220202,4.3791139722020205,0.4880211629301652,9.045944572536484
patient_10,117,225.0,220.97283540528136,4.027164594718641,0.4883965370213996,9.24663503117555
patient_10,118,315.0,311.1658031182523,3.834196881747687,0.49910755406785245,9.21954659794618
patient_10,119,225.0,229.49557295411054,4.495572954110543,0.5102154932848038,8.8606864699542
patient_10,120,0.0,348.7775564165812,11.222443583418794,0.50526163121609,9.064674022703958
patient_10,121,225.0,221.35560064686027,3.6443993531397325,0.5240452544276328,9.447664663402165
patient_10,122,90.0,86.38565952119231,3.6143404788076907,0.529960586453381,10.197134575957072
patient_10,123,90.0,84.30133941526478,5.698660584735222,0.5313724387835927,10.709403657968547
patient_10,124,225.0,226.7085029757401,1.708502975740089,0.5204983635367171,10.125701917453187
patient_10,125,45.0,40.51772903066666,4.482270969333342,0.5142121730903861,11.354951172940119
patient_10,126,225.0,221.21831217257113,3.7816878274288683,0.5420378894643756,11.34899573613767
patient_10,127,45.0,39.41700795997889,5.582992040021111,0.5283998802724899,11.93354841174757
patient_10,128,315.0,323.9706952365299,8.970695236529878,0.5561311112515694,11.446948602582179
patient_10,129,90.0,102.98739578705782,12.987395787057835,0.5675658950408389,12.305375515075212
patient_10,130,180.0,166.25280186587287,13.747198134127132,0.5912147807411898,12.034920977416842
patient_10,131,45.0,34.24160915094289,10.758390849057093,0.6467410513952947,11.914092167988011
patient_10,132,315.0,320.89624838355905,5.896248383559055,0.6543307553967921,11.484183954429556
patient_10,133,225.0,222.87283523474838,2.127164765251621,0.6607299823271573,10.957203886822233
patient_10,134,225.0,217.9460252611973,7.053974738802708,0.6757619865424749,10.809644362666326
patient_10,135,90.0,99.76192955156041,9.7619295515604,0.6930923543970398,10.59991734821407
patient_10,136,270.0,268.11186073300894,1.888139266991061,0.6855058656662933,10.760756806061442
patient_10,137,315.0,316.87366137337835,1.8736613733783543,0.6886097285705981,11.0780861142876
patient_10,138,225.0,223.57449192416024,1.4255080758397582,0.6989264759119953,11.513146227686955
patient_10,139,45.0,37.52420247426,7.475797525740006,0.7042415012053462,11.512854599286953
patient_10,140,315.0,313.93286134620683,1.0671386537931653,0.699449253348142,11.667311334766776
patient_10,141,135.0,144.47848590465608,9.478485904656083,0.7013333482364255,11.04096130721737
patient_10,142,225.0,219.99707998204485,5.002920017955148,0.6986513454743486,12.087953771237018
patient_10,143,225.0,223.43920471085633,1.5607952891436696,0.7251896281437613,11.997207924516584
patient_10,144,225.0,216.24410206129707,8.75589793870293,0.7515930687644481,11.905811012626451
patient_10,145,0.0,351.26953527932017,8.730464720679834,0.7474508346579682,11.515263962077318
patient_10,146,180.0,178.97151432742527,1.0284856725747318,0.7852090207599982,11.472698672637101
patient_10,147,135.0,143.66911459121343,8.669114591213429,0.8063488289217391,11.575342999381515
patient_10,148,225.0,212.918509493344,12.081490506655996,0.796506960442998,11.240662696760605
patient_10,149,0.0,358.7425283424946,1.257471657505448,0.810369701428983,11.776522923832683
patient_10,150,135.0,143.61333030544114,8.613330305441139,0.8058159769743138,11.587885777139281
patient_10,151,135.0,133.54622225840518,1.4537777415948199,0.7825104238056353,12.147542977328223
patient_10,152,135.0,143.05371283007275,8.053712830072755,0.7786934856452818,12.319535322723182
patient_10,153,180.0,184.12358573538384,4.123585735383841,0.79879398956498,11.979182316621621
patient_10,154,0.0,350.33941113728935,9.66058886271071,0.8076424132949827,12.06918872254149
patient_10,155,225.0,223.67955504580553,1.3204449541944712,0.8337434587199688,11.782368951243242
patient_10,156,315.0,320.3363356647766,5.336335664776584,0.8166233425047729,12.122233676506005
patient_10,157,45.0,49.09431535236591,4.094315352365925,0.8635416333063688,12.858615089268795
patient_10,158,45.0,45.61004282015513,0.6100428201551154,0.866827961886818,13.23068619744555
patient_10,159,270.0,266.96902551789043,3.0309744821095705,0.8970783874917778,13.098262163871656
patient_10,160,270.0,267.63134208998383,2.368657910016168,0.9167059939478177,13.032854759106213
patient_10,161,90.0,96.54446321553208,6.544463215532062,0.9515733458466915,13.233950858879476
patient_10,162,135.0,145.6325569902357,10.632556990235713,0.9435186133460656,13.450576075605742
patient_10,163,90.0,87.17203111796351,2.8279688820364868,0.9365077955123224,13.593655422707101
patient_10,164,315.0,319.1526903129572,4.152690312957191,0.9442048502386164,13.72792714843031
patient_10,165,225.0,220.50627720949242,4.493722790507576,0.9545045371448033,12.95799755345864
patient_10,166,45.0,38.2569968923155,6.743003107684501,1.0010045285610962,12.4586257101876
patient_10,167,225.0,223.55561706893272,1.444382931067281,1.0224856834042777,11.657866877395595
patient_10,168,180.0,181.68641164724116,1.686411647241158,1.0508065548217385,11.521988839079995
patient_10,169,180.0,181.4359716517903,1.435971651790311,1.0381669683588681,11.788446973367254
patient_10,170,90.0,91.51398921003818,1.5139892100381758,1.0770871792844865,11.516860507371142
patient_10,171,315.0,319.32678781769545,4.326787817695447,1.0650754783593888,11.575482933531482
patient_10,172,45.0,35.58625711288627,9.413742887113727,1.0818508749402014,11.1984805002485
patient_10,173,270.0,277.47563226922455,7.475632269224548,1.1146061085710572,10.923581261008232
patient_10,174,45.0,47.46951233675657,2.4695123367565657,1.1262594618104558,10.931476517505786
patient_10,175,315.0,313.8425535974331,1.1574464025669045,1.1394756900324534,9.977493422221393
patient_10,176,90.0,90.73830231616677,0.7383023161667666,1.1383310350965283,9.552697602266631
patient_10,177,45.0,32.23574579022122,12.764254209778784,1.149714685492171,9.19895653229048
patient_10,178,225.0,221.3247314026478,3.6752685973521864,1.1239386573382673,8.94071051694492
patient_10,179,90.0,96.89226125204345,6.892261252043454,1.1344206181622836,9.977566515290453
patient_10,180,0.0,2.1008714538101025,2.1008714538101003,1.1108893148745205,9.37061780976476
patient_10,181,225.0,226.23041878801996,1.2304187880199606,1.085838676056012,9.52996096280068
patient_10,182,0.0,351.8648970860604,8.13510291393959,1.0860138737349603,9.700159652079686
patient_10,183,315.0,318.78623260425644,3.7862326042564405,1.0957891404209752,9.991457128214972
patient_10,184,45.0,40.729279682759916,4.270720317240091,1.0935398092584672,10.256284928752173
patient_10,185,180.0,178.12386321149705,1.8761367885029472,1.1052132661941547,10.473123258512462
patient_10,186,135.0,139.921252211269,4.921252211269007,1.1448775704287044,10.535175221982767
patient_10,187,135.0,138.89526981323476,3.895269813234762,1.1724764135774954,10.971632195479616
patient_10,188,180.0,178.50159367023383,1.4984063297661692,1.1720367520819917,11.609005320163476
patient_10,189,315.0,318.7979804150654,3.7979804150654104,1.167920373704721,11.777922760206886
patient_10,190,225.0,213.3106425179578,11.689357482042197,1.1884794949620172,11.660537380908597
patient_10,191,315.0,314.4746811754243,0.5253188245757201,1.1756093706021007,11.19026586310917
patient_10,192,0.0,357.1937776171381,2.806222382861961,1.1766953073264181,11.394339289498854
patient_10,193,45.0,41.89847747211566,3.101522527884356,1.1957539485756268,10.953328005177214
patient_10,194,135.0,143.90559698003804,8.905596980038041,1.1807512471038102,11.441579368776079
patient_10,195,180.0,185.9451991198064,5.945199119806404,1.198878180175928,10.997828309445282
patient_10,196,135.0,137.31073231501952,2.3107323150195214,1.144755799936533,10.966067929809736
patient_10,197,270.0,276.77221939874136,6.772219398741356,1.1453624573167183,11.875247551710661
patient_10,198,135.0,148.2753562994232,13.275356299423208,1.1570868829811038,12.965332907020265
patient_10,199,315.0,330.00041146030605,15.000411460306054,1.1658150390620747,13.394171658878257
patient_10,200,270.0,274.46152086453196,4.461520864531963,1.1837323853068167,13.632921366564972
patient_10,201,315.0,325.63630157673776,10.636301576737765,1.1888678047359749,13.826517535591012
patient_10,202,270.0,264.15192418860784,5.848075811392164,1.214413265427189,13.46801797226183
patient_10,203,0.0,3.2331356024482916,3.2331356024483,1.2111673361129673,13.354598290056234
patient_10,204,270.0,272.6823062614628,2.682306261462827,1.23080483437397,13.494812000046618
patient_10,205,0.0,3.975562048067938,3.9755620480679283,1.2335329319496715,13.768343630782695
patient_10,206,180.0,187.4371912069618,7.437191206961813,1.2423944386541264,12.726325278912071
patient_10,207,135.0,150.69714038721062,15.697140387210624,1.200937544802911,13.550956126017478
patient_10,208,0.0,358.2529261122365,1.747073887763463,1.2054135954775864,14.413140409237311
patient_10,209,270.0,285.3387002673176,15.33870026731762,1.2048307051021752,13.374189424667042
patient_10,210,225.0,215.16617548179684,9.833824518203159,1.2040305122393633,14.025194755851725
patient_10,211,90.0,97.45419337614202,7.45419337614203,1.1843373329297817,14.666846210543522
patient_10,212,90.0,93.43295361153817,3.432953611538153,1.1705976548241317,14.721927639564516
patient_10,213,180.0,173.37603623924701,6.623963760752986,1.1491391164603568,14.668975995664429
patient_10,214,0.0,353.3853672704555,6.614632729544496,1.16025300042954,14.589192177618244
patient_10,215,90.0,98.74760942691437,8.74760942691438,1.1486061265061362,14.688446926293675
patient_10,216,90.0,95.72882336167673,5.728823361676746,1.120463782010856,14.798578060974279
patient_10,217,180.0,181.9434641578618,1.943464157861797,1.13473185594541,13.807234135640236
patient_10,218,180.0,182.0687780453674,2.068778045367395,1.1213814392977692,12.436053532837164
patient_10,219,45.0,38.260376671023955,6.739623328976052,1.1301321052715165,12.23946692379528
patient_10,220,225.0,219.00899466734373,5.991005332656272,1.1343089556638182,12.364606147089539
patient_10,221,225.0,217.22484477720758,7.775155222792421,1.1384792489374442,12.703933709961403
patient_10,222,270.0,281.2747479294093,11.274747929409273,1.1228836780342846,12.487273035096102
patient_10,223,180.0,174.99593409897832,5.004065901021676,1.104801243742787,12.887127688370033
patient_10,224,135.0,141.6513716793267,6.651371679326701,1.1103623719090105,12.929779434414357
patient_10,225,315.0,326.4891334222972,11.489133422297186,1.1052552834874243,13.078928670268988
patient_10,226,45.0,39.31831302439691,5.6816869756031,1.1151475522220409,13.323912338668073
patient_10,227,315.0,325.67303734878965,10.673037348789649,1.1119215035726437,13.179058129292395
patient_10,228,45.0,41.40852888499424,3.59147111500576,1.1497861175741528,13.281902289147641
patient_10,229,180.0,188.7214771917659,8.7214771917659,1.1512094493197802,12.977778375460973
patient_10,230,315.0,315.46077629848594,0.46077629848593915,1.1381473774785151,12.73136039891555
patient_10,231,225.0,220.66249377226347,4.337506227736526,1.137869531488188,13.154483589547475
patient_10,232,270.0,270.3179979083452,0.31799790834520536,1.1277071334312145,13.811792196815832
patient_10,233,135.0,137.2849543987979,2.2849543987979075,1.1291295101495464,13.088158289904705
patient_10,234,180.0,183.14346895823297,3.1434689582329725,1.150240384525925,13.191828540299385
patient_10,235,270.0,275.6173199376256,5.617319937625609,1.1482983219730762,13.269550314982723
patient_10,236,225.0,224.00103089282533,0.9989691071746734,1.1462370057230995,13.233309898497136
patient_10,237,90.0,89.57535752955751,0.4246424704425067,1.1336041573651379,13.173825027492079
patient_10,238,45.0,43.84453218653036,1.1554678134696417,1.122730490915341,13.514191682875042
patient_10,239,0.0,11.568409358113042,11.56840935811303,1.1019563823147438,13.690432962135144
patient_10,240,225.0,216.28519861101017,8.714801388989827,1.1099629439552814,13.405136599105557
patient_10,241,0.0,3.9386945273643037,3.938694527364305,1.117835419331609,13.105009532405527
patient_10,242,225.0,219.41334071585396,5.586659284146037,1.1249544653309789,13.251208652447854
patient_10,243,315.0,325.9474049532063,10.947404953206274,1.0870355873551345,13.312916505763228
patient_10,244,225.0,213.2477640082909,11.752235991709114,1.111776634134869,13.446637180058195
patient_10,245,45.0,43.497647231749035,1.5023527682509723,1.0957290409530795,13.96736559208384
patient_10,246,45.0,35.251264421166546,9.748735578833447,1.1542079580577758,15.222350038375447
patient_10,247,225.0,219.60854582318436,5.3914541768156425,1.1463691775090883,14.714865295238384
patient_10,248,315.0,324.82770277858566,9.82770277858566,1.1380166260510585,14.743634054634946
patient_10,249,135.0,152.87527816833583,17.875278168335825,1.0920740001198457,14.86291729278786
patient_10,250,270.0,278.7276636276406,8.727663627640595,1.0805829220468217,14.22305748065508
patient_10,251,225.0,223.31058312335347,1.6894168766465327,1.0976430973660483,14.928075595182117
patient_10,252,0.0,357.4823222612877,2.5176777387123366,1.0967330111450293,15.159578219318
patient_10,253,225.0,222.5588844087845,2.4411155912154925,1.0643212076437107,14.865095346008236
patient_10,254,45.0,40.738942233806114,4.261057766193886,1.0942123569323048,14.372997850211565
patient_10,255,0.0,355.5031028055147,4.496897194485314,1.0644292269462712,14.299278783946418
patient_10,256,45.0,45.37861088748922,0.37861088748923066,1.0689306887299237,14.896298500569113
patient_10,257,90.0,101.73301921617012,11.733019216170135,1.071381842556291,13.981944798849359
patient_10,258,45.0,37.699161388604914,7.300838611395079,1.0647679987282288,13.890888422407798
patient_10,259,135.0,151.20357521451388,16.203575214513876,1.0507893668615313,14.883493299130595
patient_10,260,315.0,326.3016938373987,11.301693837398716,1.0209909486570972,14.9297500725923
patient_10,261,270.0,282.3125649712908,12.312564971290783,1.0064030118170182,15.184617065222653
patient_10,262,135.0,152.24992543073324,17.249925430733242,1.0148791484606576,16.475221608204514
patient_10,263,90.0,97.90489437819667,7.904894378196673,1.055687731163836,15.795830622259551
patient_10,264,270.0,280.4493708253765,10.44937082537649,1.05644576374225,15.573138301519828
patient_10,265,45.0,27.797398388539555,17.202601611460437,1.067536587438516,16.373020519841145
patient_10,266,315.0,330.29553410400035,15.295534104000353,1.061551408784811,16.944668607193762
patient_10,267,45.0,36.781421871133944,8.218578128866056,1.0596001792124383,17.31721223289865
patient_10,268,270.0,269.1618132635723,0.8381867364277014,1.0794924346181176,16.9171918435235
patient_10,269,90.0,97.22498408104792,7.224984081047921,1.097921518215692,17.638527407042734
patient_10,270,270.0,284.31045603464014,14.31045603464014,1.0827650404778408,17.54325323630256
patient_10,271,45.0,48.47776825362343,3.477768253623424,1.1328335654036978,18.043093109014897
patient_10,272,315.0,329.58867370642884,14.588673706428835,1.1447392374882437,17.946898903733597
patient_10,273,270.0,280.6511098056304,10.651109805630426,1.19560595605964,18.242990257713455
patient_10,274,45.0,50.15461396373337,5.154613963733368,1.2608889811998294,18.607575199700786
patient_10,275,270.0,285.4106087782951,15.410608778295114,1.2615211971149254,19.285402244215092
patient_10,276,315.0,334.9399299459664,19.939929945966412,1.232992537253505,18.750671847907885
patient_10,277,45.0,37.61423632250314,7.385763677496868,1.2750386934116698,18.19414459487381
patient_10,278,315.0,323.9315128779221,8.931512877922103,1.2482243953859848,18.054979882590814
patient_10,279,90.0,96.82015972800373,6.820159728003716,1.2715486835121084,18.11024831348714
patient_10,280,90.0,100.41038877630237,10.41038877630237,1.2996295972745555,19.491748709852757
patient_10,281,270.0,282.1863234767964,12.186323476796417,1.3370650853572146,18.551248358159175
patient_10,282,270.0,280.7987915239748,10.798791523974785,1.3556812997783698,18.931950681831744
patient_10,283,315.0,327.5855374941415,12.585537494141477,1.4106974834038537,18.864071631548022
patient_10,284,45.0,34.4692208747247,10.530779125275302,1.4711986848882663,18.544006383046103
patient_10,285,180.0,178.26885241792195,1.7311475820780515,1.441659927830253,18.281302269089682
patient_10,286,180.0,182.2347871743987,2.23478717439869,1.4205795051046266,17.83010491901628
patient_10,287,270.0,279.11639897586446,9.116398975864456,1.4613593237375389,18.588786991706886
patient_10,288,0.0,6.876628030275307,6.876628030275299,1.472667260247695,18.832195023661825
patient_10,289,270.0,278.7918632608479,8.79186326084789,1.5146261962815375,19.636417897668636
patient_10,290,45.0,37.56088040855751,7.439119591442477,1.5278165064370404,19.583323436938862
patient_10,291,225.0,217.68087054204432,7.3191294579556825,1.522876179085313,20.513381442932474
patient_10,292,135.0,153.93723311496194,18.93723311496194,1.5249556742872459,20.191944963942582
patient_10,293,225.0,221.00290473179177,3.997095268208227,1.5906919705552323,20.36762875179976
patient_10,294,270.0,276.72059376207415,6.720593762074145,1.6857806457285838,20.876307707646994
patient_10,295,90.0,100.0185560141269,10.018556014126887,1.7548389610161221,21.522788521433444
patient_10,296,180.0,179.70918663634558,0.2908133636544221,1.715343885430964,21.3891821292262
patient_10,297,45.0,43.333573948050216,1.6664260519497702,1.792526194269775,20.889767356361066
patient_10,298,135.0,152.31915785526718,17.31915785526718,1.8218705494026635,20.751457905351593
patient_10,299,90.0,109.40694878552948,19.406948785529494,1.909269849882647,21.375845358234525
patient_11,0,270.0,276.00989877726903,6.009898777269029,,0.9142505456249912
patient_11,1,45.0,46.689815394802736,1.6898153948027357,,1.400494212485214
patient_11,2,315.0,316.1634670393824,1.1634670393823967,,2.3929987823839376
patient_11,3,45.0,47.60137188487251,2.6013718848725205,,2.7542289727986335
patient_11,4,225.0,226.6458460717811,1.6458460717811079,,2.9637004933306588
patient_11,5,90.0,94.34591084296031,4.345910842960308,,2.589287864183847
patient_11,6,270.0,273.43061499575634,3.4306149957563434,,3.020013507195033
patient_11,7,0.0,358.62225199193585,1.3777480080641453,,3.7840481325509745
patient_11,8,270.0,277.22068827842224,7.220688278422244,,3.5962407973279213
patient_11,9,135.0,139.6967265666562,4.696726566656196,,3.665308000522843
patient_11,10,225.0,225.6011548297268,0.601154829726795,,3.8532841230520862
patient_11,11,45.0,46.98495989697813,1.9849598969781255,,5.028062444249425
patient_11,12,270.0,273.87282920388395,3.8728292038839527,,4.449759215343178
patient_11,13,0.0,355.1809185840789,4.819081415921119,,5.845626111606829
patient_11,14,315.0,316.7298853153218,1.7298853153217806,,4.625540200821746
patient_11,15,135.0,136.02206235384273,1.0220623538427276,,5.320755950172692
patient_11,16,0.0,358.09798308995613,1.9020169100438125,,5.965759405217602
patient_11,17,45.0,59.17759802792255,14.177598027922556,,5.506418409237865
patient_11,18,135.0,140.91666904021304,5.916669040213037,,5.58116480606108
patient_11,19,270.0,273.8689200379626,3.868920037962596,,5.04694369000601
patient_11,20,270.0,273.7400045679717,3.7400045679717095,,5.369439955532724
patient_11,21,315.0,317.94454315740245,2.9445431574024497,,5.4366535642281715
patient_11,22,180.0,173.3396701028807,6.660329897119311,,5.912142142994824
patient_11,23,0.0,8.118819381712342,8.118819381712342,,5.71215997644531
patient_11,24,45.0,42.95658699370057,2.0434130062994313,,5.575247354418069
patient_11,25,180.0,179.51404325186434,0.4859567481356635,,6.06790315490023
patient_11,26,90.0,91.75981549828754,1.7598154982875371,,7.0415029149434885
patient_11,27,180.0,184.07654874714194,4.076548747141942,,6.309797826313168
patient_11,28,45.0,53.61748086056838,8.617480860568378,,5.995866642387016
patient_11,29,0.0,3.007359442139293,3.0073594421392897,,6.053684530790245
patient_11,30,270.0,274.3596391779227,4.359639177922702,,6.932072610842587
patient_11,31,270.0,276.7143242601768,6.714324260176795,,7.049339246493281
patient_11,32,0.0,359.7287448505286,0.27125514947147167,,6.872648845086949
patient_11,33,270.0,276.66894067522253,6.6689406752225295,,6.808985895045119
patient_11,34,180.0,184.4750585635801,4.475058563580092,,8.419336217634772
patient_11,35,0.0,2.4728128317371474,2.4728128317371443,,8.423087297415483
patient_11,36,135.0,140.17510638349987,5.175106383499866,,8.037684157463545
patient_11,37,270.0,283.04478409341993,13.044784093419935,,9.127682851551274
patient_11,38,270.0,279.2495058270172,9.249505827017174,,9.839625009501052
patient_11,39,270.0,282.83948119328915,12.839481193289146,,8.001922931536638
patient_11,40,135.0,137.62468460602827,2.624684606028268,,8.079776703358078
patient_11,41,180.0,172.6239234711739,7.376076528826104,,8.42604772074889
patient_11,42,225.0,232.77732643917147,7.777326439171475,,8.859924954318734
patient_11,43,180.0,175.38740471715857,4.612595282841426,,9.647386821010164
patient_11,44,315.0,310.5538530296751,4.4461469703248895,,9.840403964404201
patient_11,45,270.0,286.0235831473447,16.02358314734471,,10.226724034423714
patient_11,46,90.0,105.81749195780225,15.817491957802247,,9.973372052468699
patient_11,47,225.0,236.76909303051218,11.769093030512181,,10.378673096840595
patient_11,48,0.0,357.08928228499434,2.910717715005603,,9.571243851574508
patient_11,49,45.0,56.62836394082447,11.628363940824471,,8.524607246271003
patient_11,50,180.0,177.3664783490441,2.633521650955913,,8.535371266853637
patient_11,51,90.0,105.2030437242873,15.203043724287284,,8.32924894597307
patient_11,52,90.0,101.53685075263675,11.536850752636752,,8.31428989340745
patient_11,53,0.0,3.051780678002372,3.051780678002359,,8.702635768466726
patient_11,54,90.0,105.4077705312678,15.4077705312678,,9.91186487185425
patient_11,55,45.0,48.39690542411869,3.3969054241186996,,9.727151938536082
patient_11,56,315.0,313.25172507873896,1.748274921261043,,8.66545722716458
patient_11,57,0.0,1.098597004192357,1.0985970041923565,,9.496011127963449
patient_11,58,270.0,281.3205763706111,11.320576370611093,,9.366641793968864
patient_11,59,0.0,3.3745270024226293,3.3745270024226386,,10.126089299433628
patient_11,60,45.0,54.502171021292234,9.502171021292241,,9.639584026390882
patient_11,61,135.0,140.58027576507973,5.580275765079733,,10.160609878660223
patient_11,62,180.0,187.18827696965454,7.188276969654538,,10.660782029956687
patient_11,63,225.0,238.341888508029,13.341888508029001,,10.988763883098414
patient_11,64,315.0,312.8309173465464,2.169082653453586,,10.759560155243179
patient_11,65,45.0,58.51413683067051,13.514136830670509,,10.761117701662151
patient_11,66,315.0,318.28892457085993,3.2889245708599333,,11.0569177911309
patient_11,67,315.0,316.6555356331865,1.6555356331865028,,11.762197710687634
patient_11,68,45.0,61.541718144151275,16.541718144151275,,12.212766970736007
patient_11,69,270.0,275.1685528813367,5.168552881336723,,11.92805226469775
patient_11,70,180.0,172.70587577952406,7.294124220475936,,11.957010636540362
patient_11,71,90.0,100.7726795147344,10.77267951473442,,12.158912659788783
patient_11,72,270.0,286.5331259942491,16.533125994249076,,13.087362539893016
patient_11,73,45.0,66.99417217751903,21.994172177519033,,14.306466168686201
patient_11,74,0.0,3.43117493870935,3.431174938709347,,13.70635170392787
patient_11,75,315.0,321.51540227379365,6.515402273793654,,13.317071116674239
patient_11,76,0.0,359.4004395404635,0.5995604595365194,,13.734802357270109
patient_11,77,225.0,232.66037229114022,7.66037229114022,,13.731265621593526
patient_11,78,180.0,179.22146544161507,0.7785345583849335,,14.01169307296225
patient_11,79,45.0,56.814045780455416,11.814045780455416,,14.603651431971073
patient_11,80,315.0,315.3089584288608,0.30895842886081937,,15.153141346143201
patient_11,81,135.0,140.6180117482736,5.618011748273602,,15.238634899953995
patient_11,82,225.0,236.60681392618315,11.60681392618315,,15.767083780376993
patient_11,83,0.0,1.719896915158848,1.7198969151588415,,15.696739836821118
patient_11,84,135.0,133.80668726715808,1.1933127328419175,,14.840615401943566
patient_11,85,180.0,178.50633509075686,1.4936649092431367,,14.587844442230665
patient_11,86,315.0,314.5513900541164,0.4486099458836179,,14.433470093985402
patient_11,87,180.0,176.77163240963736,3.2283675903626374,,15.28794670863397
patient_11,88,90.0,99.87592441024485,9.875924410244863,,15.452655760165339
patient_11,89,270.0,278.21954829662366,8.219548296623657,,15.036952235421992
patient_11,90,225.0,234.1269117805839,9.126911780583896,,14.558026847906678
patient_11,91,45.0,50.92224680637295,5.922246806372954,,14.913407759608495
patient_11,92,225.0,230.50580142243456,5.505801422434558,,13.851632384628434
patient_11,93,270.0,278.57993526418875,8.579935264188748,,14.120031621009257
patient_11,94,90.0,96.46085531800067,6.460855318000654,,13.693661934018685
patient_11,95,315.0,310.0376354759265,4.962364524073507,,14.2382900283444
patient_11,96,315.0,308.1328571390558,6.867142860944227,,14.168744316677829
patient_11,97,0.0,349.29813221835724,10.701867781642704,,13.766450517667682
patient_11,98,45.0,54.96672644015192,9.966726440151916,,14.112724170738932
patient_11,99,270.0,283.7554492133688,13.75544921336882,,14.429291473311418
patient_11,100,270.0,285.3639059853538,15.363905985353824,,14.36018719769799
patient_11,101,0.0,353.75413163057993,6.245868369420123,,13.486931094821564
patient_11,102,0.0,357.71548435235394,2.2845156476460033,,14.103282288214618
patient_11,103,315.0,312.59991214342153,2.400087856578466,,14.681986398726405
patient_11,104,0.0,352.9932306574879,7.006769342512143,,15.395259599109545
patient_11,105,135.0,136.27822068301347,1.2782206830134726,,15.676125327723804
patient_11,106,180.0,174.76282259306913,5.2371774069308685,,15.88755392017448
patient_11,107,90.0,96.98962918525218,6.98962918525217,,15.621480130890074
patient_11,108,0.0,353.31288472453105,6.687115275468955,,14.076803700627838
patient_11,109,90.0,100.59452458787638,10.594524587876379,0.5690154963536802,14.219262196027966
patient_11,110,0.0,355.41771192642483,4.582288073575228,0.5943303853999939,13.889326171316375
patient_11,111,225.0,237.32639920808265,12.326399208082648,0.6201055020490731,13.640742262733376
patient_11,112,45.0,53.96468620740888,8.964686207408874,0.6490702039872129,14.191343487418798
patient_11,113,270.0,277.6002701330904,7.600270133090419,0.6823245748179527,15.104592862919986
patient_11,114,90.0,99.85727547780058,9.857275477800584,0.698377530378159,15.360804183247545
patient_11,115,135.0,135.9096328959865,0.9096328959865048,0.7274037576384318,15.497322125251808
patient_11,116,45.0,47.64280694094514,2.6428069409451496,0.7466787459429893,15.371094832596693
patient_11,117,225.0,230.739944451986,5.739944451985991,0.7486457977126353,15.460694170703952
patient_11,118,135.0,135.95366728345397,0.9536672834539672,0.7568804067965624,13.92885545619119
patient_11,119,225.0,237.22633481756807,12.226334817568073,0.7598303478616799,13.785632458825456
patient_11,120,225.0,230.54229551870034,5.542295518700342,0.7496004436619677,12.294100898831708
patient_11,121,90.0,100.72030070228868,10.720300702288682,0.7264011760210023,12.501398865389131
patient_11,122,90.0,100.26776944334046,10.267769443340455,0.7314008747806406,13.974595908271485
patient_11,123,90.0,99.80501597494823,9.805015974948219,0.7213192720911978,14.265142373774545
patient_11,124,90.0,98.09139033785172,8.09139033785172,0.7352258796394597,14.402788722509783
patient_11,125,45.0,48.652741975372685,3.6527419753726917,0.7368031305493972,14.050762818654684
patient_11,126,270.0,273.80488330480443,3.8048833048044344,0.7369778841025374,14.319519220653056
patient_11,127,225.0,233.7026094975468,8.702609497546803,0.7381079257111365,14.715045792388146
patient_11,128,45.0,46.67100941569576,1.6710094156957496,0.744416660423342,14.348585599730852
patient_11,129,270.0,262.90028627463124,7.099713725368758,0.7474908225471211,14.97407799439446
patient_11,130,225.0,237.7684284086439,12.7684284086439,0.7718361727634244,15.22253302799911
patient_11,131,135.0,132.21858702626093,2.781412973739066,0.7760876162647907,15.477847523651024
patient_11,132,45.0,56.83918424316622,11.839184243166216,0.7748060213570982,14.9828300661618
patient_11,133,45.0,54.570592406613436,9.570592406613429,0.7821731274676722,15.702427729313186
patient_11,134,45.0,52.42795188416556,7.427951884165566,0.7843007684967427,15.858821824404554
patient_11,135,315.0,312.60490415787757,2.39509584212243,0.8085897032377227,16.345569891725674
patient_11,136,225.0,235.80649722195542,10.806497221955425,0.8080188239751322,16.379999618174345
patient_11,137,180.0,178.5524088755884,1.4475911244115878,0.8249650595828539,16.87144672105082
patient_11,138,135.0,131.3435914729712,3.6564085270287876,0.847594251063267,16.721738651176018
patient_11,139,45.0,56.78511161050705,11.785111610507045,0.8392027539221276,16.340066929071423
patient_11,140,270.0,277.3982658895684,7.398265889568393,0.835024807775306,16.186928312653436
patient_11,141,135.0,133.96164957738665,1.0383504226133482,0.8613424303098114,16.533181447423885
patient_11,142,135.0,127.2318038507739,7.7681961492261,0.8634516694293426,16.98475746989896
patient_11,143,135.0,131.9365576449693,3.063442355030702,0.8867659672159354,17.18774435282111
patient_11,144,270.0,279.12272783006597,9.122727830065969,0.8962919907445297,16.598116391405483
patient_11,145,0.0,358.40377621739174,1.5962237826082628,0.9151378800508061,16.650759720479442
patient_11,146,180.0,180.9920201552676,0.9920201552675962,0.9221197096330931,16.135289126871903
patient_11,147,270.0,282.3083636842852,12.308363684285212,0.897219835066724,15.213445929223074
patient_11,148,270.0,276.47878454308113,6.478784543081133,0.8771075061385138,16.6143275763449
patient_11,149,315.0,312.4769008730612,2.523099126938803,0.9037519216971601,17.286154394144415
patient_11,150,135.0,134.25334322400832,0.7466567759916813,0.9437989222472609,16.866034169935052
patient_11,151,270.0,285.2833972821438,15.283397282143824,0.9179748576418456,16.760228083277756
patient_11,152,135.0,132.10754735641552,2.892452643584477,0.9247315569684389,17.248677406615656
patient_11,153,135.0,133.47077286820786,1.5292271317921404,0.9485398423097013,17.009473293944925
patient_11,154,45.0,53.02441897818296,8.02441897818295,0.9341544827245247,16.22109088772337
patient_11,155,315.0,316.96090558929853,1.9609055892985339,0.929751081266514,16.79597864793235
patient_11,156,0.0,356.17642914696023,3.8235708530397687,0.9239113808406776,16.43432854754675
patient_11,157,90.0,104.41841397151204,14.418413971512052,0.9233473006248811,15.859412379316131
patient_11,158,90.0,102.43603504356807,12.436035043568069,0.9299681057876885,16.058526882705632
patient_11,159,315.0,309.9903230862353,5.009676913764679,0.9039052576126538,14.758509296168072
patient_11,160,0.0,357.75292409328154,2.2470759067184645,0.9202459300194077,14.212250910645896
patient_11,161,45.0,56.246833022653114,11.246833022653107,0.9105966137853878,14.911517347336652
patient_11,162,0.0,355.80831674929414,4.191683250705864,0.9401932301352156,15.143644470554456
patient_11,163,315.0,310.61292161943396,4.387078380566038,0.9612403396514182,14.765468618231196
patient_11,164,90.0,90.5742278956484,0.5742278956483915,0.9529294581513241,14.847955605456256
patient_11,165,135.0,131.52122439907626,3.47877560092374,0.9757866874352104,14.708427944276684
patient_11,166,45.0,63.09611243635866,18.096112436358652,0.9714783504911866,15.502015237042228
patient_11,167,0.0,4.986782349472935,4.986782349472946,0.9616512216974691,15.68337976280526
patient_11,168,90.0,103.52365262776382,13.523652627763823,0.9827202737253593,16.44980802762783
patient_11,169,0.0,8.214896135457082,8.214896135457082,1.021679797944146,16.655757899324232
patient_11,170,225.0,240.16309894025233,15.163098940252326,1.0386040757804604,16.689234843507386
patient_11,171,180.0,186.23300594913098,6.233005949130984,1.055573768022426,16.693497110741248
patient_11,172,45.0,54.813234992604855,9.813234992604862,1.0642352507751944,16.44279953979956
patient_11,173,45.0,64.3585526696349,19.35855266963489,1.0724050021764828,17.03952576477041
patient_11,174,315.0,320.2235140063379,5.2235140063378935,1.07709916469347,17.14277537131349
patient_11,175,135.0,131.21926309442713,3.7807369055728657,1.1222456121142699,16.901408154379542
patient_11,176,90.0,100.79373539211811,10.793735392118094,1.1574524608180292,16.15782779508652
patient_11,177,90.0,99.96473776699916,9.964737766999178,1.169984445801604,16.47049262674352
patient_11,178,225.0,243.62957853322155,18.629578533221547,1.1622982584014725,16.0095402767933
patient_11,179,180.0,178.58212923883937,1.4178707611606285,1.1965976980682207,16.232774584944934
patient_11,180,0.0,349.9333314911639,10.066668508836074,1.2358332455506043,16.116044688490856
patient_11,181,180.0,177.9863186193151,2.0136813806848863,1.2269288026969658,16.573212608543635
patient_11,182,135.0,134.71000504116736,0.2899949588326365,1.25159138428213,15.975494119814643
patient_11,183,45.0,68.86478636633316,23.864786366333163,1.270705049020501,17.036073169545745
patient_11,184,270.0,285.2411913389961,15.241191338996089,1.275555536201976,17.925692629164658
patient_11,185,180.0,182.66824077806172,2.6682407780617154,1.261698851532624,17.958353962673087
patient_11,186,315.0,309.3482778800719,5.651722119928081,1.280921400566669,18.170116821997425
patient_11,187,270.0,284.237825015165,14.237825015165015,1.2660079951132497,18.52974627102619
patient_11,188,270.0,289.6968375427066,19.69683754270659,1.2173162564624507,19.1049478353329
patient_11,189,225.0,233.95952330067217,8.959523300672174,1.2562090655364244,18.61773054807614
patient_11,190,270.0,282.08122986114677,12.081229861146767,1.2642693434852479,18.10136016298272
patient_11,191,270.0,290.91496192989007,20.91496192989007,1.2418601864751384,18.784882242502007
patient_11,192,225.0,248.25606688153096,23.256066881530955,1.2312811159074357,20.07766860488246
patient_11,193,45.0,60.82170068211037,15.821700682110361,1.2390073915641953,19.851127135197242
patient_11,194,270.0,279.6544478762024,9.654447876202426,1.2506689049971191,19.474386481317623
patient_11,195,90.0,106.0795501408566,16.07955014085661,1.2273899369575565,18.800617927025563
patient_11,196,135.0,133.0486177593167,1.9513822406833015,1.24681647974323,18.934016690396945
patient_11,197,315.0,316.3760464509198,1.3760464509197732,1.2913118453481633,18.336730801495783
patient_11,198,90.0,105.12227005633406,15.12227005633406,1.329998309256676,18.407123279223107
patient_11,199,315.0,317.18453421974385,2.1845342197438526,1.29840666703282,19.006286805017687
patient_11,200,180.0,174.63468230008354,5.36531769991646,1.294270742578366,19.444543148064888
patient_11,201,225.0,246.85330370545518,21.853303705455176,1.3003132457682751,19.031989187233442
patient_11,202,0.0,349.22480223401266,10.775197765987286,1.3335240347370654,19.576668966727304
patient_11,203,270.0,280.2925406752276,10.292540675227599,1.3001778453974504,18.594452834743553
patient_11,204,0.0,349.8946531722916,10.105346827708445,1.3459004463488213,18.127665699517856
patient_11,205,0.0,353.90798045189786,6.092019548102144,1.3640570591698014,17.860612283711415
patient_11,206,180.0,178.58408436902263,1.4159156309773664,1.3557001971085487,16.669248039138655
patient_11,207,315.0,317.80273088699306,2.8027308869930607,1.3807724371595533,16.505889333152076
patient_11,208,90.0,98.67751341812944,8.677513418129422,1.3706650268949003,16.778661163737986
patient_11,209,135.0,132.66194737053215,2.338052629467853,1.3828410278521597,17.612465345349264
patient_11,210,315.0,306.16531428332473,8.834685716675267,1.4373599622948374,17.989715846631636
patient_11,211,45.0,62.661539225866555,17.661539225866562,1.4180609093604515,17.182438407073715
patient_11,212,90.0,96.73463294278298,6.73463294278298,1.3897260538385758,17.22374413652963
patient_11,213,0.0,352.24557901613053,7.754420983869522,1.387958801907665,16.890542608373
patient_11,214,90.0,109.2648388160215,19.264838816021495,1.3954241529610636,16.724619442134024
patient_11,215,180.0,168.87644906714036,11.123550932859644,1.376703849711519,15.798932810694392
patient_11,216,135.0,131.0043584080271,3.9956415919729125,1.4054928981660435,16.26078851513204
patient_11,217,0.0,354.2539391702422,5.74606082975788,1.4247324031064128,16.477302841518394
patient_11,218,90.0,101.34779641621132,11.347796416211338,1.3983057404331767,15.940108551284961
patient_11,219,0.0,345.3210160943702,14.67898390562982,1.4071309487521813,15.939790502774631
patient_11,220,135.0,127.4817649764283,7.5182350235717195,1.4027964083431215,16.75615681365921
patient_11,221,45.0,60.63057185290305,15.630571852903046,1.3836274544995124,16.843666284255747
patient_11,222,135.0,128.46531058387373,6.53468941612627,1.4064669121029425,15.895158115005607
patient_11,223,270.0,279.7195185995833,9.719518599583296,1.392343479446672,14.560775888291893
patient_11,224,45.0,45.9352428397736,0.9352428397735935,1.406990099267797,14.926499641827576
patient_11,225,270.0,288.73507280853266,18.735072808532664,1.3828119422757137,14.73881106927169
patient_11,226,270.0,274.04460389048944,4.044603890489441,1.3589173495541038,14.896576896834212
patient_11,227,90.0,97.06182024241784,7.061820242417838,1.352760739557218,14.735197152614198
patient_11,228,0.0,349.7687967219413,10.231203278058729,1.402411629075777,15.911160839916654
patient_11,229,45.0,54.06161571982432,9.061615719824317,1.3742682272319122,15.564136479047246
patient_11,230,0.0,350.06165862455987,9.938341375440132,1.3304820492320326,15.408747388311193
patient_11,231,225.0,242.64021161402408,17.640211614024082,1.3065939669568838,14.323047797417988
patient_11,232,0.0,340.7075825418335,19.292417458166483,1.3555668302191117,14.556839460681118
patient_11,233,225.0,236.7894476615175,11.7894476615175,1.3468978339034976,16.026927736554505
patient_11,234,90.0,101.54440525844726,11.544405258447256,1.3599931000527468,16.065270144857223
patient_11,235,225.0,237.43944645270176,12.439446452701759,1.333910141600322,16.66163996920837
patient_11,236,225.0,241.65187786121706,16.65187786121706,1.3147515693883527,18.346979106780452
patient_11,237,225.0,239.3931898801173,14.39318988011729,1.294979077145685,17.437591085068068
patient_11,238,90.0,101.15314683748925,11.15314683748926,1.3183002010874931,17.870364650424527
patient_11,239,135.0,132.89222658295105,2.1077734170489464,1.3087413654592988,18.084764000453685
patient_11,240,90.0,106.893208361463,16.893208361462996,1.3425244492785229,19.1426287181149
patient_11,241,315.0,305.7991150796951,9.200884920304873,1.3657885480217509,18.813249906575592
patient_11,242,225.0,237.1214286373219,12.121428637321912,1.35747381432504,18.857668311317127
patient_11,243,180.0,174.57809610605852,5.421903893941476,1.3766778532892738,19.98000646055103
patient_11,244,45.0,60.12161396751012,15.121613967510115,1.3984131236385542,21.117759915294034
patient_11,245,315.0,310.8791334975831,4.120866502416902,1.4286008805552868,21.732805720736017
patient_11,246,315.0,308.6325692890939,6.367430710906092,1.395513653974569,21.874682784407288
patient_11,247,225.0,242.76200477251268,17.762004772512682,1.3456040847551716,21.86876310642227
patient_11,248,0.0,349.1852191372175,10.814780862782527,1.3759645671075322,22.151409054369147
patient_11,249,270.0,282.63268567712373,12.632685677123732,1.3394326950634436,22.57919577860718
patient_11,250,45.0,58.64049359056684,13.640493590566848,1.313553885321844,23.46874494031612
patient_11,251,0.0,339.38020637183587,20.61979362816419,1.3650091659853025,24.080454653137238
patient_11,252,225.0,249.35650793183532,24.356507931835324,1.3212220279026594,23.8313194743964
patient_11,253,45.0,62.43405009112755,17.434050091127546,1.339406602232959,23.483337872481265
patient_11,254,0.0,340.5873601890724,19.412639810927658,1.3054724865383251,22.68215470004838
patient_11,255,180.0,153.6638429602222,26.336157039777788,1.2998466407532785,23.12369192863452
patient_11,256,315.0,309.34777761845476,5.6522223815452435,1.279869322879116,22.416800722990263
patient_11,257,315.0,305.924979277186,9.075020722813974,1.263073336825177,21.485360360411615
patient_11,258,135.0,128.16753874461963,6.832461255380366,1.2930405825786497,21.5483713629538
patient_11,259,45.0,53.862295234950764,8.86229523495075,1.2735180263772632,21.576811430561573
patient_11,260,90.0,104.12638386242504,14.12638386242503,1.2569994746745001,21.341375030477096
patient_11,261,225.0,248.16561619876103,23.16561619876103,1.240902890244663,21.751812682609497
patient_11,262,90.0,103.20535590782046,13.205355907820461,1.239069075979745,21.226884752362857
patient_11,263,180.0,165.33801582590968,14.661984174090321,1.2077719982160549,21.691932365420232
patient_11,264,315.0,309.133465647805,5.8665343521950035,1.224590576011078,20.82377008200865
patient_11,265,0.0,347.00791876769983,12.992081232300166,1.2169438189317185,21.042696618865268
patient_11,266,315.0,308.2157688438451,6.784231156154874,1.177521793737701,21.082403550107838
patient_11,267,135.0,127.89992457880099,7.100075421198994,1.1866922594378542,20.98529573196454
patient_11,268,225.0,243.27989696950846,18.279896969508457,1.1753547722162416,21.81973232773203
patient_11,269,135.0,134.15291995583314,0.8470800441668587,1.1387229225247504,21.45606615520416
patient_11,270,315.0,304.61898779095213,10.381012209047867,1.1323668004639247,22.474188913503745
patient_11,271,135.0,133.93873831120467,1.0612616887953266,1.1630740709966059,22.903220930010967
patient_11,272,90.0,109.05051396094797,19.050513960947967,1.1509825818014825,23.756197935962856
patient_11,273,225.0,242.10706702700404,17.107067027004035,1.1563048740327533,23.912644480223292
patient_11,274,45.0,64.16178450590996,19.161784505909964,1.161067960840855,23.508804416074312
patient_11,275,90.0,109.41344900076237,19.41344900076237,1.1650299504527695,23.257630336281075
patient_11,276,135.0,127.93929535558168,7.060704644418308,1.2061057690047088,24.35393154158539
patient_11,277,315.0,302.60655229147864,12.393447708521364,1.2161427740941697,24.363609575392797
patient_11,278,45.0,65.67453477043514,20.674534770435145,1.1873788020734217,24.572429090070386
patient_11,279,0.0,349.03902588690744,10.960974113092561,1.245135220957878,24.85566591359553
patient_11,280,225.0,248.17298574991565,23.172985749915654,1.2743856747335016,24.448649505346232
patient_11,281,180.0,159.75942501864395,20.240574981356048,1.3160644090138165,23.687416666192675
patient_11,282,135.0,133.3780124105245,1.6219875894755091,1.3189979983457452,23.917651609681982
patient_11,283,315.0,306.2829706132375,8.717029386762476,1.3687408269398373,24.85669881784418
patient_11,284,135.0,125.8052286728407,9.194771327159287,1.3833090998837179,25.10839805465848
patient_11,285,0.0,346.29442636600527,13.705573633994732,1.4314919633434657,24.96888331439417
patient_11,286,135.0,129.2591721785864,5.740827821413603,1.4857985482277503,24.981407800670716
patient_11,287,315.0,308.4824161104982,6.517583889501793,1.544306613371849,25.516719526227348
patient_11,288,315.0,303.01905112914574,11.980948870854263,1.5422388155616629,24.593197562284026
patient_11,289,0.0,343.8593974277997,16.14060257220035,1.576278635976938,25.185003702664254
patient_11,290,180.0,167.77751644364238,12.222483556357616,1.585220010048551,25.695695956161416
patient_11,291,180.0,165.24720616598054,14.752793834019457,1.5685188191686557,26.877572734029158
patient_11,292,135.0,125.78480676330926,9.215193236690737,1.636130461193713,27.09011945678349
patient_11,293,225.0,250.15862654467657,25.158626544676565,1.5996682257836072,26.86854307853922
patient_11,294,225.0,257.8849360863017,32.88493608630171,1.609466754200831,27.237357688636585
patient_11,295,45.0,75.13009280805414,30.130092808054144,1.5994380683271805,28.12610234235798
patient_11,296,135.0,135.51419221916456,0.5141922191645563,1.6475477964685945,28.257987718460107
patient_11,297,0.0,352.3001908356589,7.699809164341104,1.7269296432697425,28.776023017843446
patient_11,298,45.0,73.3280551241702,28.32805512417019,1.7084813981686384,28.309329395357544
patient_11,299,90.0,105.80942166616855,15.809421666168532,1.7310728028966214,28.541567010276623
patient_12,0,0.0,356.2227521004332,3.7772478995668735,,2.644793186672233
patient_12,1,180.0,183.85643341694166,3.8564334169416554,,2.785456735958033
patient_12,2,315.0,315.89929650716766,0.8992965071676622,,3.4998500672508186
patient_12,3,225.0,237.5333426575475,12.533342657547507,,3.234505081395584
patient_12,4,315.0,316.51957743305934,1.5195774330593395,,2.7907981207653205
patient_12,5,90.0,96.14019823016883,6.140198230168835,,4.127809450434426
patient_12,6,135.0,127.02878716947002,7.971212830529964,,4.835154851704766
patient_12,7,180.0,187.77922549294348,7.779225492943482,,5.286828182564232
patient_12,8,90.0,95.20562024903032,5.205620249030318,,4.904916141361234
patient_12,9,135.0,127.70898017148289,7.291019828517108,,5.518011270596104
patient_12,10,90.0,92.60924402435367,2.6092440243536714,,6.311103943530344
patient_12,11,180.0,176.40261148431065,3.597388515689346,,8.130837515374537
patient_12,12,225.0,234.37572690815352,9.375726908153524,,8.300932064411885
patient_12,13,90.0,88.44532580618097,1.5546741938190394,,9.135877543994894
patient_12,14,225.0,229.8510416859288,4.851041685928806,,9.346603534959524
patient_12,15,225.0,224.67550086044508,0.3244991395549164,,8.374652992295854
patient_12,16,90.0,90.03421095610403,0.03421095610403313,,8.845171212205422
patient_12,17,90.0,96.36725971712195,6.367259717121954,,10.056342192450101
patient_12,18,225.0,247.81710049404026,22.81710049404026,,9.118657833686484
patient_12,19,315.0,307.6759271303137,7.32407286968629,,7.271195676039045
patient_12,20,45.0,56.19038305621984,11.190383056219844,,7.94239086367939
patient_12,21,90.0,96.5905883696522,6.59058836965221,,7.493797009221148
patient_12,22,180.0,178.4716482704452,1.5283517295547995,,6.94437701547622
patient_12,23,180.0,172.14654520990706,7.85345479009294,,8.561621838774755
patient_12,24,0.0,348.6692770451139,11.330722954886141,,9.495124143391495
patient_12,25,90.0,93.4362168409809,3.4362168409809044,,8.456222961041288
patient_12,26,90.0,101.03658342449906,11.036583424499042,,8.478668557761752
patient_12,27,135.0,130.31535582819623,4.684644171803768,,9.467119796972929
patient_12,28,90.0,94.41023009621257,4.410230096212558,,9.443044257261143
patient_12,29,225.0,239.37716679718065,14.37716679718065,,10.7002725277086
patient_12,30,180.0,175.14833111420614,4.851668885793856,,10.458316493756403
patient_12,31,315.0,309.52389936551924,5.476100634480758,,10.198605646059555
patient_12,32,90.0,96.19258755015834,6.1925875501583505,,11.267701710608005
patient_12,33,0.0,352.90326080210895,7.096739197891111,,10.719469451058568
patient_12,34,45.0,68.22774648094315,23.227746480943154,,10.510663689748222
patient_12,35,0.0,356.5877697448804,3.412230255119539,,11.626119160101588
patient_12,36,180.0,176.16918503937123,3.8308149606287714,,11.307815477175865
patient_12,37,225.0,237.01565970612307,12.015659706123074,,11.605487742135423
patient_12,38,315.0,310.67485498618356,4.325145013816439,,11.810183604450144
patient_12,39,0.0,354.96506488020907,5.03493511979093,,12.230584710121397
patient_12,40,270.0,277.3821678548263,7.382167854826321,,11.262350562023423
patient_12,41,0.0,356.9971328775739,3.002867122426096,,12.152606428685626
patient_12,42,0.0,354.4874407486996,5.512559251300445,,13.76685125899748
patient_12,43,180.0,176.4569732192295,3.5430267807705036,,14.958791242998636
patient_12,44,90.0,96.87050310777062,6.870503107770617,,13.94373984752448
patient_12,45,225.0,241.98700972061957,16.987009720619568,,12.956800023736426
patient_12,46,0.0,2.988957483432558,2.988957483432557,,13.628862975911044
patient_12,47,135.0,125.37631455416526,9.623685445834724,,15.015859641253606
patient_12,48,45.0,61.52681951719406,16.52681951719407,,15.285121589846675
patient_12,49,270.0,279.3560113354461,9.356011335446112,,16.56117549988408
patient_12,50,270.0,280.79161514195533,10.791615141955333,,14.622367067176123
patient_12,51,225.0,247.20899083591826,22.208990835918257,,14.135398615284952
patient_12,52,315.0,309.8820907154955,5.117909284504492,,11.757268469113363
patient_12,53,180.0,185.45472216814804,5.454722168148038,,11.888190761004585
patient_12,54,180.0,180.9375956634689,0.9375956634688976,,11.726836619697593
patient_12,55,180.0,183.27595281410646,3.2759528141064607,,10.493545474047185
patient_12,56,45.0,68.61246532567688,23.61246532567688,,10.579526760686573
patient_12,57,45.0,62.63039447378946,17.630394473789465,,11.61402958655152
patient_12,58,0.0,9.228840601519142,9.228840601519153,,9.972380737576687
patient_12,59,270.0,283.5996023208319,13.599602320831877,,9.244970385516705
patient_12,60,225.0,236.99273841528907,11.992738415289068,,9.275720619378557
patient_12,61,135.0,139.23353970447542,4.233539704475419,,10.200636751608066
patient_12,62,90.0,95.3333814031709,5.333381403170904,,9.57267640697395
patient_12,63,90.0,95.05103806071025,5.051038060710255,,8.154839313461832
patient_12,64,270.0,273.7833230651175,3.783323065117486,,9.475265404754932
patient_12,65,90.0,99.61269921053297,9.61269921053298,,8.752344766233893
patient_12,66,135.0,127.2892571982016,7.710742801798403,,7.987132449625975
patient_12,67,90.0,94.09030706010356,4.090307060103555,,7.409520853871957
patient_12,68,0.0,8.57152202212554,8.57152202212555,,8.382852916699042
patient_12,69,270.0,272.47396948137384,2.4739694813738424,,9.027713146128809
patient_12,70,225.0,239.33626175534621,14.336261755346214,,9.549250330750553
patient_12,71,315.0,310.5789309106492,4.4210690893507945,,8.891960868636902
patient_12,72,0.0,8.618428096629263,8.618428096629259,,8.89724759618677
patient_12,73,180.0,181.12961672280815,1.1296167228081515,,9.398472478193545
patient_12,74,270.0,275.4343971817477,5.434397181747727,,8.68369663520614
patient_12,75,225.0,234.26643754551884,9.26643754551884,,8.99193035677791
patient_12,76,180.0,174.24664844985656,5.753351550143435,,8.918308099666167
patient_12,77,135.0,133.031515013619,1.968484986380986,,8.12753632809466
patient_12,78,45.0,58.70332188275675,13.70332188275674,,8.894627923396932
patient_12,79,270.0,277.67491744385165,7.674917443851655,,8.672227284535824
patient_12,80,90.0,100.22789550155476,10.22789550155477,,7.669263668479609
patient_12,81,225.0,233.1431694531404,8.143169453140388,,7.773681079825281
patient_12,82,90.0,96.87252880163136,6.872528801631347,,8.112401270537788
patient_12,83,315.0,312.4869152727778,2.5130847272221786,,8.496958732952288
patient_12,84,270.0,269.5272741940564,0.4727258059435826,,8.955099647772284
patient_12,85,45.0,65.50027670078448,20.500276700784468,,9.084144677892134
patient_12,86,315.0,318.8047884742385,3.804788474238478,,9.774413349648746
patient_12,87,270.0,282.445391395407,12.445391395407,,8.144299323317437
patient_12,88,90.0,98.13555404606879,8.13555404606879,,8.909275884292455
patient_12,89,315.0,308.5103921395246,6.489607860475417,,7.653932918112599
patient_12,90,90.0,92.4385995034519,2.438599503451883,,7.52647649646007
patient_12,91,315.0,311.60545782897117,3.3945421710288315,,8.209198550526388
patient_12,92,135.0,136.86068585499552,1.8606858549955234,,8.290203136577114
patient_12,93,45.0,57.701699592359795,12.701699592359802,,7.900379313758925
patient_12,94,225.0,233.8242046706723,8.824204670672287,,8.271473009441308
patient_12,95,135.0,130.75095545041745,4.24904454958255,,9.45163535743782
patient_12,96,315.0,310.3305586641187,4.669441335881288,,9.748033624914996
patient_12,97,180.0,179.86584412648617,0.1341558735138335,,9.519028510090013
patient_12,98,135.0,125.58773839537906,9.412261604620937,,9.17278067178219
patient_12,99,0.0,5.361980603577814,5.36198060357782,,9.54731092073271
patient_12,100,180.0,173.22713841595834,6.772861584041664,,9.809611092378159
patient_12,101,135.0,117.93204272469633,17.067957275303684,,10.321242652116347
patient_12,102,225.0,229.56982301497314,4.569823014973139,,11.099503697874098
patient_12,103,180.0,173.2683740028173,6.731625997182704,,11.636817850774753
patient_12,104,315.0,309.62181784217574,5.378182157824256,,10.84821898347922
patient_12,105,90.0,92.43524306904419,2.4352430690441906,,11.44576984986655
patient_12,106,270.0,276.2373493966419,6.237349396641889,,11.103164379636741
patient_12,107,135.0,122.72203780517732,12.277962194822692,,11.232044728267796
patient_12,108,270.0,267.0027645937298,2.9972354062701925,,11.775224179115497
patient_12,109,225.0,221.15308850779826,3.846911492201741,0.5269976515684425,13.250270292979
patient_12,110,135.0,124.38602191794534,10.613978082054643,0.5593623222609434,12.577747057149264
patient_12,111,90.0,94.0327460696874,4.032746069687391,0.5533234018050077,12.714966580725784
patient_12,112,135.0,120.00240063235034,14.997599367649656,0.5680421824629445,13.75850406475179
patient_12,113,225.0,227.83359347054204,2.8335934705420414,0.5777313689030699,14.155212703201753
patient_12,114,270.0,263.9929113049192,6.007088695080824,0.5876731627591694,14.97247251451007
patient_12,115,135.0,121.49793295064391,13.502067049356071,0.5893700447565244,14.782711413816614
patient_12,116,135.0,122.98956128608616,12.010438713913857,0.6058457781871267,15.471253630080268
patient_12,117,180.0,163.99007518459487,16.009924815405128,0.6129716404497936,15.572203131925246
patient_12,118,135.0,129.1064217465196,5.893578253480399,0.6296243672005248,16.78885698788467
patient_12,119,0.0,347.0181304536913,12.981869546308644,0.6160220067597484,15.85406299018229
patient_12,120,315.0,298.14904246098945,16.85095753901055,0.6433986142003274,16.188441312734916
patient_12,121,270.0,263.21475966757083,6.785240332429169,0.6518664373318659,16.65175517016927
patient_12,122,270.0,262.36646594212675,7.6335340578732485,0.6840984471784584,17.106826875460214
patient_12,123,270.0,266.2954628819023,3.704537118097676,0.6896902105943328,17.443030636670475
patient_12,124,0.0,346.94171348103015,13.058286518969908,0.6968221342274141,16.681943773330953
patient_12,125,180.0,173.59146686286988,6.408533137130121,0.7073907243872064,17.638221012298104
patient_12,126,270.0,269.30648532483156,0.6935146751684442,0.716890620923488,18.165070172010168
patient_12,127,180.0,172.98911946126998,7.010880538730021,0.7182042451011537,19.18653335889511
patient_12,128,45.0,49.48431677190625,4.484316771906265,0.7175138150385525,18.72878936272615
patient_12,129,180.0,167.15580388457207,12.844196115427934,0.7638248911453944,20.08736817630979
patient_12,130,0.0,348.26103768801846,11.738962311981595,0.7863361842292864,19.723705665316082
patient_12,131,135.0,121.79202956802112,13.207970431978879,0.8309438442663142,20.633492617063578
patient_12,132,0.0,345.9462532362093,14.053746763790741,0.8672618544559594,20.14291725468681
patient_12,133,225.0,220.57962950801905,4.420370491980947,0.9154554647359694,21.95562168313524
patient_12,134,135.0,117.87933943057833,17.12066056942166,0.9496973548052505,21.59967879911072
patient_12,135,180.0,165.95783630037693,14.042163699623075,0.9920449855410673,21.121955360671834
patient_12,136,180.0,159.99312866201382,20.006871337986183,1.0173444896716193,20.782737309262696
patient_12,137,135.0,117.62481848804528,17.375181511954736,1.0309747206590485,21.674850789873695
patient_12,138,45.0,35.61854182279108,9.381458177208913,1.028144858731249,21.315396240159615
patient_12,139,270.0,263.51096508206837,6.489034917931633,1.0753262525319078,21.297582768055058
patient_12,140,180.0,163.4178017484466,16.582198251553393,1.1055514540137183,20.713071574897384
patient_12,141,0.0,346.75764519724555,13.242354802754448,1.0940546192466725,19.8326624937165
patient_12,142,180.0,166.28703135366243,13.712968646337572,1.0891009039120334,18.759524944424275
patient_12,143,225.0,227.9350789647408,2.9350789647407964,1.1242614960293196,19.347304190091805
patient_12,144,135.0,110.29999984143483,24.70000015856516,1.133928854527972,18.900417276922788
patient_12,145,270.0,270.12497105062835,0.12497105062834635,1.1322752813464403,18.34835524273617
patient_12,146,0.0,349.20100891250416,10.798991087495779,1.1069325983890304,18.404835234602917
patient_12,147,90.0,79.69345669220667,10.306543307793333,1.0505233315974714,18.472053616016826
patient_12,148,90.0,88.5027425587119,1.4972574412880988,1.0560112141967464,18.19173094057763
patient_12,149,0.0,346.11455095973145,13.885449040268554,1.0386706771811944,19.433706051378586
patient_12,150,45.0,54.30387906584475,9.30387906584474,0.9965226287135414,20.487930224168345
patient_12,151,180.0,169.68780400044506,10.312195999554945,1.0165641552052351,20.437990272177878
patient_12,152,180.0,171.0243407354033,8.975659264596686,1.0339511017432992,21.21437224105202
patient_12,153,90.0,79.56117147924046,10.438828520759557,1.0309480063332055,19.786116241680105
patient_12,154,270.0,268.4590382494407,1.5409617505592905,1.0537595178780599,19.956844055745364
patient_12,155,135.0,115.23170839600327,19.768291603996715,1.0646112505921312,19.449676550467146
patient_12,156,225.0,227.86861854910475,2.8686185491047524,1.1073092273194431,18.998209117956677
patient_12,157,180.0,166.01347587794388,13.986524122056124,1.128736154584277,18.04826525032255
patient_12,158,270.0,262.41367949906396,7.58632050093604,1.1652704151741036,18.282321292192094
patient_12,159,180.0,175.79864593981563,4.2013540601843715,1.1447321925218068,18.39800241084452
patient_12,160,0.0,356.662549239202,3.337450760797992,1.1425069841441227,18.777263561958193
patient_12,161,180.0,173.88201991781125,6.117980082188751,1.1736382498506268,18.173081491894916
patient_12,162,225.0,230.92681765823605,5.926817658236047,1.196178615946045,18.672216984814135
patient_12,163,270.0,258.17623188760075,11.82376811239925,1.2168482026908327,18.94774297627224
patient_12,164,180.0,168.2398803701192,11.76011962988079,1.225084707842072,19.555368128179765
patient_12,165,135.0,119.09511798309225,15.904882016907749,1.2265010454567644,19.349195717967138
patient_12,166,180.0,166.62618032687857,13.373819673121432,1.2625838514749983,19.93363442253977
patient_12,167,315.0,301.54449680099407,13.455503199005932,1.2731893034724573,21.164986130840077
patient_12,168,135.0,124.4376352991959,10.562364700804096,1.2849548509794237,21.698714483975643
patient_12,169,315.0,297.58052830044227,17.419471699557732,1.325418944246505,21.198941688977563
patient_12,170,180.0,193.17647670695266,13.176476706952656,1.339947839444421,21.34607578810629
patient_12,171,315.0,301.4374584911999,13.56254150880011,1.3460360846933543,21.88512794264259
patient_12,172,225.0,239.45505264764898,14.455052647648984,1.3613997794813475,21.865469214122022
patient_12,173,225.0,243.49092131403552,18.490921314035518,1.368698849654729,20.8086542727141
patient_12,174,225.0,237.16258454456,12.16258454455999,1.3912105489856899,21.30919711804683
patient_12,175,315.0,297.8984316084312,17.101568391568776,1.3797371564760539,21.169774862969945
patient_12,176,0.0,346.2320932777384,13.767906722261614,1.3490148757959446,21.68956537343067
patient_12,177,225.0,220.37962600716244,4.620373992837557,1.3256462684614245,21.771014195971798
patient_12,178,45.0,51.07162165262872,6.071621652628721,1.3229085484389866,19.729756237579295
patient_12,179,270.0,278.7587940561249,8.758794056124884,1.3333248200079462,19.4638244703197
patient_12,180,315.0,303.9416064637152,11.058393536284825,1.364330843863323,18.742269232144277
patient_12,181,315.0,308.3989448831121,6.601055116887892,1.3525132582634853,18.48343594366969
patient_12,182,0.0,2.7741292008636194,2.7741292008636265,1.3066995451514156,18.19470601939488
patient_12,183,90.0,87.89124167572724,2.108758324272742,1.2706303583100382,18.612663034511982
patient_12,184,225.0,232.8951183039536,7.895118303953609,1.2396680902065196,18.304846397777126
patient_12,185,135.0,122.76104282214035,12.238957177859646,1.2162892411085142,17.48314310573761
patient_12,186,225.0,233.83165681745032,8.831656817450323,1.2022858500586233,18.05133222959579
patient_12,187,90.0,86.796903360353,3.203096639647015,1.2051627559603721,18.86758195300458
patient_12,188,135.0,112.88788641551481,22.1121135844852,1.2600700767602255,19.552636413266413
patient_12,189,90.0,87.15955966456288,2.8404403354371084,1.2211781411527944,19.94250081988268
patient_12,190,315.0,307.645805548692,7.35419445130799,1.2161488451110447,20.414780118330718
patient_12,191,225.0,236.33786901437023,11.337869014370227,1.2368902627459972,20.035082898298818
patient_12,192,270.0,267.60785444942263,2.392145550577368,1.280136472190299,20.582063483554627
patient_12,193,90.0,91.84736752410184,1.8473675241018555,1.298944932623609,20.039357732463365
patient_12,194,315.0,311.11260329838603,3.887396701613966,1.338431524082539,19.1081810420786
patient_12,195,315.0,305.9793970199323,9.020602980067679,1.388016264520207,18.31972297802274
patient_12,196,315.0,304.48615276800484,10.513847231995157,1.4237231282928633,18.156027429852685
patient_12,197,270.0,270.8325073405679,0.8325073405678722,1.4494878566394256,18.18821676244917
patient_12,198,270.0,266.08036596593024,3.919634034069759,1.5190150530688857,18.114552324063347
patient_12,199,315.0,306.89114251252596,8.10885748747404,1.5879668037100494,19.505672861648428
patient_12,200,315.0,304.53453054911904,10.46546945088096,1.665656004719695,18.61271738551997
patient_12,201,135.0,134.29895807860007,0.7010419213999342,1.6305368204350108,19.17833713065015
patient_12,202,180.0,189.80694547094245,9.806945470942452,1.6066695532737887,18.26943189480039
patient_12,203,315.0,316.7251313523004,1.7251313523004228,1.6535008872492334,17.793391260379327
patient_12,204,270.0,269.9867147161544,0.013285283845618778,1.6680793029546512,17.087114482897984
patient_12,205,0.0,10.014043822731393,10.014043822731395,1.6688845651901794,17.748742733698826
patient_12,206,225.0,241.6283152820671,16.628315282067092,1.6683049418742764,16.801065780725423
patient_12,207,45.0,51.183908222538044,6.183908222538037,1.6469396722336311,17.644555737784295
patient_12,208,135.0,130.3501532409015,4.649846759098494,1.6093739740921214,17.410645990955132
patient_12,209,315.0,313.09043848814787,1.9095615118521323,1.587395769666843,18.58725967969789
patient_12,210,0.0,3.6481825311588723,3.6481825311588807,1.5624499741201854,19.094617053688886
patient_12,211,270.0,271.7184784350379,1.7184784350379232,1.6074908748940109,19.87955965999395
patient_12,212,180.0,201.6205729711183,21.620572971118293,1.5766304807718834,20.263977408390836
patient_12,213,225.0,245.8506625374106,20.850662537410614,1.520657986840269,20.599578025255923
patient_12,214,45.0,56.585087161642114,11.585087161642122,1.5068581818026399,20.50327840978304
patient_12,215,270.0,272.199110240142,2.1991102401419766,1.5761928189394858,20.417367564321747
patient_12,216,0.0,7.307928077028791,7.307928077028805,1.5800626685903758,20.08896763168373
patient_12,217,135.0,142.47030474865755,7.470304748657554,1.5800216498183728,19.617670464594923
patient_12,218,225.0,232.2342643904439,7.2342643904439115,1.6070623839110603,18.851257057059
patient_12,219,0.0,3.104427209365672,3.1044272093656673,1.581089970258268,18.346067082854756
patient_12,220,90.0,95.29879580592552,5.298795805925522,1.5909438453062554,20.53454264652369
patient_12,221,135.0,133.8227937930547,1.1772062069453,1.5414835045088306,20.837505638729677
patient_12,222,180.0,185.6709567491249,5.670956749124912,1.5314639904750784,22.6852568826223
patient_12,223,45.0,58.6974610005811,13.697461000581086,1.5288548805225748,23.20035291211484
patient_12,224,45.0,54.76769330102796,9.767693301027975,1.5326192509575733,23.25384043353288
patient_12,225,225.0,236.9235055038452,11.923505503845206,1.493741120448922,22.545616121638552
patient_12,226,315.0,307.0625898656441,7.9374101343559005,1.5197225748746517,21.897554748734553
patient_12,227,135.0,137.45724676644448,2.4572467664444844,1.558137393815283,22.068514240783035
patient_12,228,90.0,95.36598267810838,5.365982678108367,1.5819211832493316,21.899648146170037
patient_12,229,180.0,183.0369933495362,3.0369933495362034,1.5500086751397797,21.373831672496912
patient_12,230,180.0,186.5976412862684,6.597641286268413,1.5248854988935818,20.98647747970142
patient_12,231,45.0,61.985233241478696,16.98523324147868,1.5222367278265665,21.22726763340995
patient_12,232,135.0,140.37365115897848,5.3736511589784755,1.5719823114544758,22.23868714269938
patient_12,233,180.0,196.29613159072093,16.296131590720933,1.5532724672176732,23.13578767377257
patient_12,234,135.0,131.5745273675943,3.4254726324057003,1.556235430404893,22.01081873178689
patient_12,235,180.0,185.55614098530148,5.556140985301482,1.5662953782169238,21.394663934633996
patient_12,236,135.0,132.71445622220295,2.285543777797045,1.5562902888630417,21.94363099084258
patient_12,237,45.0,51.92906262731256,6.929062627312561,1.5506846272626085,22.2591679238145
patient_12,238,270.0,268.5821355475057,1.4178644524943138,1.5178360008617862,21.807113564870704
patient_12,239,315.0,316.18076714404106,1.1807671440410559,1.519951086499499,22.459436394413842
patient_12,240,135.0,130.79670459901627,4.203295400983734,1.4985864156741258,22.02302683360203
patient_12,241,45.0,63.097970195201675,18.09797019520167,1.4575547680167924,21.05290102655512
patient_12,242,135.0,141.88764098364518,6.887640983645184,1.4260870375250612,21.50676833181756
patient_12,243,45.0,55.17543563586596,10.175435635865966,1.3962871313786422,21.286301771489462
patient_12,244,135.0,133.02472124659715,1.975278753402847,1.3771042261285924,20.155647474150594
patient_12,245,270.0,276.25935019385736,6.259350193857358,1.3394123133015636,19.784892729721392
patient_12,246,0.0,9.59738997929965,9.597389979299663,1.3274423252260519,18.686753712701204
patient_12,247,90.0,86.17592902946494,3.824070970535047,1.3081466543463263,19.402396482670504
patient_12,248,315.0,312.64067509259615,2.3593249074038454,1.2912823589611424,19.444549714449742
patient_12,249,225.0,231.85140439117686,6.851404391176857,1.2644526843797328,22.005168958677658
patient_12,250,180.0,178.54202774038467,1.4579722596153317,1.2484390331060053,21.26592332787382
patient_12,251,0.0,356.1115586893225,3.8884413106775355,1.2565532811349014,20.17786590746755
patient_12,252,225.0,234.65633742797877,9.65633742797877,1.2786125310136507,21.40201337860614
patient_12,253,135.0,140.3963926761844,5.396392676184405,1.260997582357109,20.817849456800047
patient_12,254,45.0,57.158469909905435,12.15846990990542,1.2560906183780052,19.841986686776206
patient_12,255,180.0,180.94561822369687,0.9456182236968687,1.269604520451348,20.59350988646334
patient_12,256,45.0,47.112901274894504,2.1129012748945115,1.272717707618738,19.892220699941042
patient_12,257,0.0,8.688489392093818,8.688489392093828,1.2769368674942525,19.374715390186957
patient_12,258,90.0,101.66919039091631,11.669190390916299,1.3051171588241948,19.11827849731175
patient_12,259,135.0,130.99327316175896,4.006726838241036,1.349565575920229,18.76221650232955
patient_12,260,225.0,229.57575909866512,4.575759098665117,1.3863256362676788,19.164507747224192
patient_12,261,135.0,137.69597269448636,2.6959726944863576,1.399611375310986,18.365883173097224
patient_12,262,180.0,188.48307537556144,8.483075375561441,1.3876199471690223,17.11165002966136
patient_12,263,135.0,130.02848754204484,4.971512457955157,1.4220369179314503,16.81397705870446
patient_12,264,180.0,184.42590059651067,4.425900596510672,1.4506172740790557,16.440945783439503
patient_12,265,180.0,183.24183450210896,3.241834502108958,1.4700043610617328,17.485543044929674
patient_12,266,180.0,182.48460800679442,2.484608006794417,1.4804080824393742,17.783888171621022
patient_12,267,270.0,270.51471692201784,0.5147169220178398,1.4353820525324972,18.28934766799934
patient_12,268,45.0,55.59667653716214,10.596676537162125,1.4838228890906633,18.195960296547373
patient_12,269,135.0,130.76690808335354,4.233091916646458,1.5384976626966935,18.29056545326816
patient_12,270,315.0,309.78914855830294,5.210851441697059,1.500233290578577,19.40591768088757
patient_12,271,135.0,129.72394759851952,5.276052401480484,1.5027946397767886,20.558984395012182
patient_12,272,45.0,48.80109999149109,3.8010999914910997,1.4949791954113971,21.890708895859945
patient_12,273,0.0,14.601038172703912,14.601038172703909,1.467562872738971,21.689851583855084
patient_12,274,45.0,49.77952834428144,4.779528344281431,1.443116492971047,20.872490043420704
patient_12,275,315.0,295.97403221379744,19.025967786202557,1.434742003237604,21.700482593480675
patient_12,276,270.0,272.77586823793234,2.775868237932343,1.4339528686841891,21.886811960984684
patient_12,277,135.0,132.8145946250722,2.1854053749277966,1.3992649783679365,23.02616477945986
patient_12,278,180.0,188.36533694564793,8.365336945647925,1.3857937664451185,23.024244755530688
patient_12,279,315.0,311.55410170304435,3.4458982969556473,1.3693423930599407,24.509936218129724
patient_12,280,225.0,235.5954406850759,10.595440685075914,1.3815310012881197,24.502936644242688
patient_12,281,225.0,231.97370594336337,6.97370594336337,1.4180003921896454,24.716694613290493
patient_12,282,45.0,48.17299402379445,3.1729940237944447,1.4087901241187417,25.10465223991054
patient_12,283,180.0,199.1544827681949,19.154482768194896,1.4069279558727175,25.6745533208453
patient_12,284,225.0,232.54093217418477,7.540932174184775,1.4176105623738886,26.426896601077903
patient_12,285,90.0,86.66786073662125,3.3321392633787354,1.4677078695873282,27.410632784783665
patient_12,286,90.0,79.68969958217946,10.310300417820542,1.4809684226524453,27.968542658045298
patient_12,287,90.0,87.43790880823785,2.5620911917621356,1.4752305983837575,27.98696462213146
patient_12,288,0.0,9.288621895947925,9.288621895947927,1.4919016504014913,27.364948873382275
patient_12,289,180.0,188.85002849307716,8.850028493077161,1.5042263743883284,25.43437910605617
patient_12,290,225.0,224.57332321622712,0.42667678377287643,1.5205080085160203,24.10683852968195
patient_12,291,225.0,237.40175492159167,12.401754921591674,1.5790211433454333,24.113505471981412
patient_12,292,45.0,56.86617059875658,11.866170598756582,1.6123139053562747,24.98676062415185
patient_12,293,90.0,79.35053704550691,10.649462954493089,1.6249709289028793,25.119451299262366
patient_12,294,270.0,262.3747364841249,7.625263515875076,1.6489308845790145,24.38578288366049
patient_12,295,0.0,18.332367162528357,18.332367162528357,1.6488137718674984,24.174788256930412
patient_12,296,90.0,86.46104921960574,3.5389507803942593,1.668833886003119,24.001850062544527
patient_12,297,180.0,190.6513938157766,10.6513938157766,1.7152831451898107,23.946665698502976
patient_12,298,135.0,130.1042359909097,4.8957640090903,1.7510843466308499,24.795489299388557
patient_12,299,90.0,88.03062572438662,1.9693742756133759,1.7597154342583332,24.814580828368392
